iteration,query,exec_time_ms,plan_time_ms,total_time_ms,avg_qerror
1,q001,29.571,2.713,32.284,1.0
1,q002,410.538,0.639,411.177,1.9031
1,q003,120.049,0.673,120.722,2.1305
1,q004,123.85,0.641,124.491,2.1249
1,q005,301.241,0.604,301.845,1.752
1,q006,80.649,0.683,81.332,1.6255
1,q007,85.204,0.95,86.154,1.5772
1,q008,114.845,0.947,115.792,1.5679
1,q009,76.08,0.969,77.049,1.1486
1,q010,48.48,1.205,49.685,1.592
1,q011,38.953,1.353,40.306,1.8799
1,q012,67.975,1.07,69.045,2.5394
1,q013,28.276,1.002,29.278,2.1378
1,q014,21.364,1.061,22.425,3.7079
1,q015,343.978,1.081,345.059,1.1187
1,q016,38.551,1.144,39.695,1.7248
1,q017,9.258,0.851,10.109,1.6773
1,q018,32.898,1.256,34.154,1.1378
1,q019,20.963,0.785,21.748,1.0005
1,q020,56.363,0.951,57.314,1.1345
1,q021,40.872,0.983,41.855,1.983
1,q022,80.523,1.022,81.545,2.4752
1,q023,56.224,0.891,57.115,1.7852
1,q024,21.68,0.938,22.618,2.6919
1,q025,48.983,1.856,50.839,1.227
1,q026,32.305,1.339,33.644,1.1125
1,q027,21.461,2.173,23.634,2.5091
1,q028,561.913,1.256,563.169,1.1646
1,q029,70.067,1.749,71.816,1.4111
1,q030,17625.888,1.75,17627.638,8.3867
1,q031,1122.606,1.86,1124.466,3.9493
1,q032,688.357,2.414,690.771,2.4804
1,q033,42.427,2.215,44.642,4.9617
1,q034,19060.827,1.707,19062.534,2.8436
1,q035,379.659,1.985,381.644,3.076
1,q036,27.149,1.855,29.004,3.1756
1,q037,85.732,1.637,87.369,1.3425
1,q038,3425.04,2.072,3427.112,1.7911
1,q039,370.354,2.911,373.265,3.1906
1,q040,31.191,1.629,32.82,1.1915
1,q041,9.619,1.884,11.503,2.3195
1,q042,101.7,1.729,103.429,1.2206
1,q043,327.999,1.735,329.734,1.4159
1,q044,230.454,2.64,233.094,2.1608
1,q045,7.909,2.039,9.948,2.0636
1,q046,156.686,3.977,160.663,2.2273
1,q047,2074.93,3.632,2078.562,3.0468
1,q048,18.208,3.151,21.359,14.9677
1,q049,733.76,3.933,737.693,2.7046
1,q050,62.992,3.906,66.898,7.1684
1,q051,5317.386,3.858,5321.244,3.2221
1,q052,6383.872,4.015,6387.887,3.7739
1,q053,86.36,1.995,88.355,2.1903
1,q054,9.064,2.348,11.412,1.6152
1,q055,4.165,2.166,6.331,1.8527
1,q056,1519.428,2.006,1521.434,6.8726
1,q057,4810.797,2.371,4813.168,17.3646
1,q059,5272.134,5.597,5277.731,3.622
1,q060,513.911,3.448,517.359,1.4783
1,q061,104.429,4.886,109.315,2.0096
1,q062,29.328,4.472,33.8,3.3946
1,q063,41.024,4.964,45.988,1.9114
1,q064,163.96,4.756,168.716,3.0756
1,q065,37.763,5.053,42.816,2.4734
1,q066,155.965,5.043,161.008,3.0535
1,q067,12.221,5.423,17.644,3.1886
1,q068,44028.418,4.072,44032.49,4.2353
1,q069,4172.615,4.926,4177.541,2.2575
1,q070,14035.934,5.842,14041.776,8.3125
1,q071,2842.88,4.344,2847.224,3.3824
1,q072,180.477,4.661,185.138,2.9871
1,q073,97.582,5.249,102.831,2.7693
1,q074,1439.973,4.347,1444.32,2.4302
1,q075,286.167,5.234,291.401,1.7276
1,q076,84.87,4.712,89.582,1.4417
1,q077,542.287,5.112,547.399,4.122
1,q078,37.817,4.07,41.887,2.9705
1,q079,197.981,4.379,202.36,1.6479
1,q080,76.685,1.341,78.026,1.4655
1,q081,43.698,1.158,44.856,1.5995
1,q082,101.231,1.109,102.34,2.1509
1,q083,118.664,1.027,119.691,2.0655
1,q084,367.395,1.105,368.5,1.4811
1,q085,363.003,1.037,364.04,1.4753
1,q086,77.668,1.277,78.945,1.4118
1,q087,48.929,1.033,49.962,1.6979
1,q088,351.736,1.083,352.819,1.1187
1,q089,87.887,1.173,89.06,2.2195
1,q090,89.164,1.108,90.272,1.6045
1,q091,266.144,1.075,267.219,2.2684
1,q092,52.577,2.454,55.031,1.1909
1,q093,137.057,0.986,138.043,2.9409
1,q094,42.52,0.92,43.44,2.0567
1,q095,189.027,1.555,190.582,1.3733
1,q096,170.06,1.821,171.881,1.2439
1,q097,1813.849,2.48,1816.329,1.7619
1,q098,1364.876,1.909,1366.785,2.355
1,q099,80.514,1.825,82.339,3.4718
1,q100,61.514,1.53,63.044,1.0992
1,q101,77.2,1.621,78.821,1.1706
1,q102,146.467,1.413,147.88,1.1544
1,q103,175.894,1.851,177.745,2.6506
1,q104,790.041,1.815,791.856,2.4496
1,q105,7153.0,1.996,7154.996,2.1192
1,q106,172.194,2.157,174.351,2.2562
1,q107,17074.908,1.978,17076.886,3.5047
1,q108,25485.213,1.757,25486.97,4.159
1,q109,84.531,3.402,87.933,1.4422
1,q110,75.985,2.951,78.936,1.3688
1,q111,113.652,3.189,116.841,1.3983
1,q112,97.494,3.222,100.716,1.3427
1,q113,907.485,1.665,909.15,2.948
1,q114,828.616,2.19,830.806,2.3381
1,q115,1427.513,2.02,1429.533,2.7005
1,q116,139.096,1.919,141.015,2.9568
1,q117,69.855,1.531,71.386,1.2711
1,q118,88.17,1.642,89.812,1.6281
1,q119,146.812,1.859,148.671,1.6507
1,q121,77.488,2.502,79.99,1.7238
1,q123,6926.628,1.769,6928.397,2.768
1,q124,243.742,1.844,245.586,1.7426
1,q125,25.632,1.965,27.597,2.8991
1,q127,124.87,3.665,128.535,2.4158
1,q128,150.661,3.983,154.644,2.2273
1,q129,144.58,3.446,148.026,2.5628
1,q130,49.675,2.958,52.633,1.4182
1,q131,833.704,4.184,837.888,3.1204
1,q132,18.871,4.01,22.881,2.957
1,q133,730.617,3.848,734.465,3.3021
1,q134,5482.318,4.056,5486.374,6.4686
1,q135,72724.047,3.465,72727.512,1.988
1,q136,15363.62,5.117,15368.737,3.1656
1,q137,117.43,3.235,120.665,4.3687
1,q138,2827.965,2.28,2830.245,6.5373
1,q139,203.629,4.071,207.7,1.1865
1,q140,7169.203,9.962,7179.165,9.1238
1,q141,10900.37,7.536,10907.906,1.6886
1,q142,10384.659,9.717,10394.376,4.3377
1,q143,9647.618,9.153,9656.771,6.0532
1,q144,840.426,3.943,844.369,1.2595
1,q145,165.947,5.44,171.387,2.8865
1,q146,128.779,4.986,133.765,1.3516
2,q001,16.668,0.522,17.19,1.0
2,q002,408.962,0.587,409.549,1.6622
2,q003,113.086,0.618,113.704,1.3925
2,q004,124.237,0.625,124.862,1.3736
2,q005,298.541,0.582,299.123,1.7569
2,q006,77.128,0.647,77.775,1.2723
2,q007,84.347,0.919,85.266,1.0
2,q008,117.244,1.003,118.247,1.0
2,q009,77.391,0.915,78.306,1.1625
2,q010,48.847,1.2,50.047,1.1072
2,q011,38.979,1.342,40.321,1.1072
2,q012,66.952,1.083,68.035,1.1625
2,q013,27.85,1.011,28.861,1.1899
2,q014,13.52,1.099,14.619,1.0
2,q015,351.239,1.072,352.311,1.1072
2,q016,38.229,1.175,39.404,1.1072
2,q017,10.076,0.818,10.894,2.417
2,q018,32.244,0.931,33.175,1.1072
2,q019,20.962,0.772,21.734,1.0
2,q020,55.86,0.968,56.828,1.1253
2,q021,39.815,0.953,40.768,1.0
2,q022,254.061,1.012,255.073,1.989
2,q023,123.956,0.919,124.875,1.5756
2,q024,22.009,0.955,22.964,1.0
2,q025,49.795,1.853,51.648,1.1298
2,q026,32.325,1.327,33.652,1.0815
2,q027,18.1,2.126,20.226,1.1602
2,q028,562.221,1.265,563.486,1.1491
2,q029,69.543,1.855,71.398,1.0951
2,q030,59503.751,1.808,59505.559,6.7352
2,q031,473.285,1.85,475.135,2.8229
2,q032,1245.896,2.293,1248.189,2.2716
2,q033,88.258,2.152,90.41,1.1374
2,q034,35443.462,1.666,35445.128,2.1017
2,q035,167.248,1.842,169.09,2.2971
2,q036,26.45,1.903,28.353,1.4801
2,q037,84.376,1.61,85.986,1.2897
2,q038,3406.16,1.99,3408.15,1.2508
2,q039,376.551,2.168,378.719,1.3708
2,q040,31.809,1.699,33.508,1.0
2,q041,9.529,1.881,11.41,1.0
2,q042,96.457,1.407,97.864,1.1673
2,q043,456.349,1.735,458.084,1.7405
2,q044,102.399,2.612,105.011,1.1227
2,q045,97.787,1.98,99.767,1.7451
2,q046,62.902,3.877,66.779,1.202
2,q047,1956.072,3.629,1959.701,1.9659
2,q048,11.234,3.085,14.319,1.1856
2,q049,1482.545,3.877,1486.422,2.3051
2,q050,126.085,3.892,129.977,1.715
2,q051,5692.474,3.67,5696.144,1.433
2,q052,6497.162,4.188,6501.35,1.578
2,q053,61.539,1.98,63.519,1.0997
2,q054,8.038,2.348,10.386,1.1111
2,q055,6.339,2.177,8.516,1.3494
2,q056,850.103,1.972,852.075,4.1196
2,q057,55.237,2.477,57.714,2.6627
2,q059,2948.277,5.512,2953.789,1.6357
2,q060,483.342,3.341,486.683,1.2804
2,q061,208.599,4.943,213.542,1.6964
2,q062,17.082,4.615,21.697,1.2378
2,q063,12.637,5.052,17.689,1.3945
2,q064,88.383,4.985,93.368,1.5992
2,q065,30.359,4.888,35.247,1.6893
2,q066,192.8,5.15,197.95,2.7593
2,q067,11.096,5.219,16.315,1.1666
2,q068,23500.362,4.021,23504.383,1.4261
2,q069,4087.892,4.752,4092.644,1.5653
2,q070,2657.714,5.694,2663.408,1.3224
2,q072,84.882,4.44,89.322,1.1784
2,q073,74.367,5.361,79.728,1.4409
2,q074,1390.139,4.358,1394.497,1.1599
2,q075,252.239,5.064,257.303,1.1751
2,q076,86.176,4.674,90.85,1.1493
2,q077,282.609,5.073,287.682,1.7111
2,q078,56.672,4.136,60.808,1.9177
2,q079,200.819,4.165,204.984,1.1531
2,q080,76.098,1.285,77.383,1.1072
2,q081,43.05,1.148,44.198,1.1072
2,q082,97.029,1.085,98.114,1.1625
2,q083,117.004,1.075,118.079,1.1625
2,q084,368.143,1.068,369.211,1.1821
2,q085,361.344,0.99,362.334,1.1821
2,q086,76.959,1.218,78.177,1.1693
2,q087,48.976,1.01,49.986,1.1821
2,q088,342.571,1.019,343.59,1.1072
2,q089,88.017,1.108,89.125,1.3715
2,q090,89.464,1.101,90.565,1.256
2,q091,263.143,1.063,264.206,1.6236
2,q092,52.73,0.899,53.629,1.1253
2,q093,165.786,0.979,166.765,2.2702
2,q094,226.799,0.935,227.734,1.9922
2,q095,191.77,1.504,193.274,1.3525
2,q096,166.909,1.812,168.721,1.1989
2,q097,1514.587,2.34,1516.927,2.2327
2,q098,1340.7,1.927,1342.627,1.247
2,q099,73.686,1.698,75.384,1.1965
2,q100,60.513,1.521,62.034,1.1369
2,q101,75.606,1.683,77.289,1.1369
2,q102,145.763,1.359,147.122,1.0951
2,q103,153.645,1.887,155.532,1.4089
2,q104,787.197,1.849,789.046,1.5999
2,q105,7133.991,1.919,7135.91,1.7387
2,q106,163.657,2.178,165.835,1.2647
2,q107,16172.633,1.975,16174.608,1.6379
2,q108,17935.044,1.727,17936.771,2.3074
2,q109,86.263,3.324,89.587,1.4124
2,q110,61.569,3.024,64.593,1.2851
2,q111,115.45,3.124,118.574,1.3825
2,q112,99.32,3.201,102.521,1.288
2,q113,917.809,1.69,919.499,1.5128
2,q114,799.12,2.166,801.286,1.3572
2,q115,1439.69,1.801,1441.491,1.5422
2,q116,123.219,1.943,125.162,1.1657
2,q117,70.158,1.497,71.655,1.1369
2,q118,83.401,1.645,85.046,1.2125
2,q119,141.953,1.856,143.809,1.2528
2,q121,141.315,2.514,143.829,1.3822
2,q123,5518.806,1.771,5520.577,2.4655
2,q124,240.208,1.911,242.119,1.1886
2,q125,39.823,1.946,41.769,1.0757
2,q127,58.23,3.619,61.849,1.2873
2,q128,63.347,4.003,67.35,1.202
2,q129,102.039,3.416,105.455,1.1818
2,q130,50.041,2.848,52.889,1.1624
2,q131,2199.324,4.114,2203.438,2.7608
2,q132,447.69,4.001,451.691,2.05
2,q133,507.421,3.847,511.268,2.2599
2,q134,4762.585,4.049,4766.634,1.6211
2,q135,72231.403,3.634,72235.037,1.5474
2,q136,14164.552,4.27,14168.822,1.5886
2,q137,32.377,3.227,35.604,1.3755
2,q138,828.413,2.367,830.78,3.9566
2,q139,204.183,4.099,208.282,1.0918
2,q140,8325.19,9.885,8335.075,1.7842
2,q141,23604.716,7.528,23612.244,1.7349
2,q142,21827.397,9.61,21837.007,1.7755
2,q143,11760.074,8.952,11769.026,2.0936
2,q144,832.534,3.9,836.434,1.1148
2,q145,100.252,5.669,105.921,1.5642
2,q146,148.835,5.259,154.094,1.3221
3,q001,16.634,0.504,17.138,1.0
3,q002,422.78,0.613,423.393,1.6622
3,q003,111.19,0.599,111.789,1.3925
3,q004,123.603,0.582,124.185,1.3736
3,q005,309.131,0.571,309.702,1.7569
3,q006,75.318,0.614,75.932,1.2723
3,q007,83.407,0.88,84.287,1.0
3,q008,115.278,0.927,116.205,1.0
3,q009,75.501,0.932,76.433,1.1625
3,q010,48.447,1.211,49.658,1.1072
3,q011,38.916,1.295,40.211,1.1072
3,q012,66.639,1.079,67.718,1.1625
3,q013,27.863,0.976,28.839,1.1899
3,q014,13.582,1.074,14.656,1.0
3,q015,341.453,1.093,342.546,1.1072
3,q016,38.15,1.147,39.297,1.1072
3,q017,9.695,0.8,10.495,1.8169
3,q018,32.288,0.951,33.239,1.1072
3,q019,21.29,0.785,22.075,1.0
3,q020,55.109,0.959,56.068,1.1253
3,q021,40.042,0.988,41.03,1.0
3,q022,150.871,0.999,151.87,1.5084
3,q023,51.658,0.908,52.566,1.3672
3,q024,21.608,0.943,22.551,1.0
3,q025,48.258,1.843,50.101,1.1228
3,q026,32.316,1.325,33.641,1.0815
3,q027,18.115,2.135,20.25,1.1441
3,q028,560.816,1.24,562.056,1.1491
3,q029,71.165,1.812,72.977,1.0951
3,q030,8477.338,1.846,8479.184,3.4693
3,q031,370.993,1.839,372.832,1.8841
3,q032,3158.11,2.332,3160.442,2.3836
3,q033,85.583,2.19,87.773,1.1228
3,q034,34409.34,1.696,34411.036,2.0637
3,q035,127.435,1.938,129.373,1.4733
3,q036,26.78,1.894,28.674,1.4801
3,q037,84.27,1.654,85.924,1.2897
3,q038,3375.854,1.975,3377.829,1.2508
3,q039,363.642,2.142,365.784,1.3708
3,q040,32.075,26.168,58.243,1.0
3,q041,9.045,1.756,10.801,1.0
3,q042,96.248,1.412,97.66,1.1657
3,q043,312.115,1.739,313.854,1.123
3,q044,105.276,2.645,107.921,1.1227
3,q045,7.65,2.061,9.711,1.1274
3,q046,75.041,4.009,79.05,1.2965
3,q047,2120.102,3.625,2123.727,1.6623
3,q048,11.596,3.116,14.712,1.0033
3,q049,902.892,4.711,907.603,2.9048
3,q050,127.334,3.899,131.233,1.6755
3,q051,5435.11,3.736,5438.846,1.433
3,q052,6422.473,4.184,6426.657,1.4477
3,q053,61.569,1.981,63.55,1.0987
3,q054,7.853,2.331,10.184,1.0475
3,q055,4.273,2.203,6.476,1.1615
3,q056,41688.443,1.937,41690.38,10.3669
3,q057,56.664,2.694,59.358,1.1924
3,q059,2995.264,5.366,3000.63,1.2195
3,q060,487.349,3.317,490.666,1.1277
3,q061,71.275,5.009,76.284,1.0971
3,q062,17.038,4.679,21.717,1.1325
3,q063,12.069,5.065,17.134,1.1177
3,q064,90.696,4.948,95.644,1.3626
3,q065,30.461,5.03,35.491,1.1409
3,q066,51.106,5.062,56.168,1.1433
3,q067,11.004,5.24,16.244,1.0
3,q068,37470.773,4.037,37474.81,2.0251
3,q069,2486.634,8.488,2495.122,1.3505
3,q070,4706.223,5.842,4712.065,1.794
3,q072,84.88,4.544,89.424,1.1562
3,q073,71.654,5.311,76.965,1.1422
3,q074,1335.387,4.271,1339.658,1.1582
3,q075,254.875,5.304,260.179,1.1582
3,q076,85.179,4.727,89.906,1.1493
3,q077,275.566,4.908,280.474,1.1602
3,q078,30.574,4.197,34.771,1.7428
3,q079,241.696,4.338,246.034,1.2456
3,q080,77.473,1.282,78.755,1.1072
3,q081,44.37,1.168,45.538,1.1072
3,q082,100.387,1.143,101.53,1.1625
3,q083,113.655,1.069,114.724,1.1625
3,q084,367.494,1.094,368.588,1.1821
3,q085,360.64,1.021,361.661,1.1821
3,q086,75.939,1.269,77.208,1.1693
3,q087,47.618,1.034,48.652,1.1821
3,q088,350.936,1.033,351.969,1.1072
3,q089,87.869,1.1,88.969,1.3709
3,q090,89.897,1.055,90.952,1.256
3,q091,272.815,1.027,273.842,1.6236
3,q092,51.381,0.864,52.245,1.1253
3,q093,225.283,0.969,226.252,1.6939
3,q094,122.66,0.919,123.579,1.3942
3,q095,190.424,1.501,191.925,1.3525
3,q096,166.446,1.779,168.225,1.1989
3,q097,1744.105,2.421,1746.526,1.2988
3,q098,1363.196,1.87,1365.066,1.4614
3,q099,74.771,1.741,76.512,1.1965
3,q100,61.948,1.558,63.506,1.1369
3,q101,77.621,1.673,79.294,1.1369
3,q102,146.545,1.379,147.924,1.0951
3,q103,152.735,1.806,154.541,1.2879
3,q104,785.848,1.813,787.661,1.6802
3,q105,7164.211,2.817,7167.028,1.7387
3,q106,161.901,2.105,164.006,1.2622
3,q107,23603.762,2.005,23605.767,2.2783
3,q109,84.959,3.228,88.187,1.4124
3,q110,61.986,3.089,65.075,1.2522
3,q111,114.894,3.236,118.13,1.3826
3,q112,97.318,3.145,100.463,1.288
3,q113,910.51,1.624,912.134,1.5128
3,q114,829.632,2.115,831.747,1.3572
3,q115,1430.516,1.958,1432.474,1.5422
3,q116,124.151,1.875,126.026,1.1657
3,q117,69.938,1.529,71.467,1.1369
3,q118,80.996,1.662,82.658,1.1369
3,q119,145.578,1.856,147.434,1.2528
3,q121,145.183,2.389,147.572,1.3012
3,q123,4883.516,1.774,4885.29,1.4157
3,q124,239.223,1.806,241.029,1.1886
3,q125,39.92,1.997,41.917,1.0753
3,q127,55.723,3.656,59.379,1.143
3,q128,72.52,3.948,76.468,1.2965
3,q129,100.259,3.446,103.705,1.2092
3,q130,49.689,2.843,52.532,1.1624
3,q131,567.718,4.133,571.851,2.3142
3,q132,32.413,4.125,36.538,1.305
3,q133,501.144,3.789,504.933,1.2111
3,q134,9584.337,4.062,9588.399,1.6092
3,q135,72473.606,3.571,72477.177,1.4321
3,q136,15285.177,4.384,15289.561,1.5671
3,q137,28.589,3.261,31.85,1.119
3,q138,28068.537,2.345,28070.882,6.5393
3,q139,199.399,5.287,204.686,1.0918
3,q140,5596.486,9.766,5606.252,1.6021
3,q141,10665.384,7.726,10673.11,1.2675
3,q142,12501.437,9.779,12511.216,1.4953
3,q143,8072.408,9.086,8081.494,1.5645
3,q144,578.52,3.75,582.27,1.2251
3,q145,74.763,5.491,80.254,1.1662
3,q146,166.898,5.258,172.156,1.2479
4,q001,16.548,0.505,17.053,1.0
4,q002,408.336,0.585,408.921,1.6622
4,q003,110.071,0.612,110.683,1.3925
4,q004,126.145,0.597,126.742,1.3736
4,q005,300.884,0.588,301.472,1.7569
4,q006,78.692,0.635,79.327,1.2723
4,q007,83.658,0.905,84.563,1.0
4,q008,114.371,0.938,115.309,1.0
4,q009,76.104,0.916,77.02,1.1625
4,q010,48.738,1.217,49.955,1.1072
4,q011,38.992,1.368,40.36,1.1072
4,q012,66.584,1.086,67.67,1.1625
4,q013,27.842,0.993,28.835,1.1899
4,q014,13.468,1.065,14.533,1.0
4,q015,351.11,1.107,352.217,1.1072
4,q016,38.198,1.173,39.371,1.1072
4,q017,10.07,0.858,10.928,1.8169
4,q018,32.444,1.313,33.757,1.1072
4,q019,20.827,0.768,21.595,1.0
4,q020,56.295,0.951,57.246,1.1253
4,q021,40.003,0.954,40.957,1.0
4,q022,150.794,1.029,151.823,1.4594
4,q023,51.835,0.887,52.722,1.343
4,q024,21.796,0.932,22.728,1.0
4,q025,48.4,1.845,50.245,1.1228
4,q026,32.416,1.311,33.727,1.0815
4,q027,18.149,2.132,20.281,1.1441
4,q028,544.032,1.276,545.308,1.1491
4,q029,69.688,1.792,71.48,1.0951
4,q030,12134.309,1.766,12136.075,3.4247
4,q031,384.312,1.776,386.088,1.8138
4,q032,669.245,2.279,671.524,1.2028
4,q033,85.142,2.193,87.335,1.1099
4,q034,32773.375,1.616,32774.991,2.0253
4,q035,124.838,1.87,126.708,1.4731
4,q036,26.321,1.867,28.188,1.4801
4,q037,82.711,1.659,84.37,1.2897
4,q038,3404.309,2.025,3406.334,1.2508
4,q039,361.693,2.176,363.869,1.3708
4,q040,30.167,1.566,31.733,1.0
4,q041,9.75,1.904,11.654,1.0
4,q042,98.059,1.967,100.026,1.1657
4,q043,312.339,1.778,314.117,1.123
4,q044,103.115,2.625,105.74,1.1227
4,q045,7.718,2.021,9.739,1.1274
4,q046,62.911,4.011,66.922,1.1176
4,q047,1917.603,3.635,1921.238,1.5944
4,q048,11.268,3.105,14.373,1.0029
4,q049,950.942,3.736,954.678,2.0955
4,q050,126.966,3.884,130.85,1.6407
4,q051,5554.217,3.612,5557.829,1.433
4,q052,6387.032,4.188,6391.22,1.4483
4,q053,61.02,2.043,63.063,1.0987
4,q054,7.93,2.397,10.327,1.0475
4,q055,4.22,2.204,6.424,1.0375
4,q056,775.654,1.968,777.622,3.4175
4,q057,56.564,2.552,59.116,1.0512
4,q059,2871.886,5.614,2877.5,1.2066
4,q060,467.602,3.448,471.05,1.1277
4,q061,70.076,4.925,75.001,1.0971
4,q062,16.691,4.504,21.195,1.1325
4,q063,12.134,5.057,17.191,1.1177
4,q064,88.971,5.779,94.75,1.3626
4,q065,30.158,4.889,35.047,1.1403
4,q066,51.27,5.002,56.272,1.1321
4,q067,11.296,5.434,16.73,1.0
4,q068,23574.698,4.039,23578.737,1.3218
4,q069,2523.741,4.672,2528.413,1.3431
4,q070,2989.369,8.063,2997.432,1.395
4,q072,84.384,4.367,88.751,1.1545
4,q073,73.292,5.072,78.364,1.1422
4,q074,1388.702,4.394,1393.096,1.1582
4,q075,254.215,5.1,259.315,1.1582
4,q076,83.745,4.681,88.426,1.1493
4,q077,267.419,5.058,272.477,1.1201
4,q078,31.127,4.198,35.325,1.1422
4,q079,194.825,4.223,199.048,1.1201
4,q080,75.613,1.342,76.955,1.1072
4,q081,42.67,1.139,43.809,1.1072
4,q082,98.534,1.11,99.644,1.1625
4,q083,117.733,1.056,118.789,1.1625
4,q084,367.544,1.143,368.687,1.1821
4,q085,346.898,1.002,347.9,1.1821
4,q086,75.317,1.288,76.605,1.1693
4,q087,48.84,1.006,49.846,1.1821
4,q088,351.377,1.043,352.42,1.1072
4,q089,89.702,1.136,90.838,1.3709
4,q090,91.164,1.1,92.264,1.256
4,q091,262.729,1.118,263.847,1.6236
4,q092,53.359,0.876,54.235,1.1253
4,q093,225.196,0.973,226.169,1.6287
4,q094,123.437,0.945,124.382,1.3598
4,q095,189.268,1.498,190.766,1.3525
4,q096,164.456,1.813,166.269,1.1989
4,q097,1787.06,2.443,1789.503,1.2988
4,q098,1286.36,1.905,1288.265,1.2473
4,q099,74.09,1.768,75.858,1.1965
4,q100,60.963,1.546,62.509,1.1369
4,q101,75.39,1.676,77.066,1.1369
4,q102,144.319,1.376,145.695,1.0951
4,q103,151.055,1.849,152.904,1.2875
4,q104,790.43,1.743,792.173,1.6106
4,q105,7144.283,1.949,7146.232,1.7387
4,q106,161.929,2.07,163.999,1.2599
4,q107,16204.482,1.991,16206.473,1.158
4,q109,85.712,3.231,88.943,1.4124
4,q110,61.745,2.989,64.734,1.252
4,q111,114.314,3.221,117.535,1.3825
4,q112,98.831,3.178,102.009,1.288
4,q113,912.427,1.694,914.121,1.5128
4,q114,828.44,2.111,830.551,1.3572
4,q115,1431.988,1.953,1433.941,1.5422
4,q116,122.815,1.905,124.72,1.1657
4,q117,69.233,1.516,70.749,1.1369
4,q118,81.367,1.572,82.939,1.1369
4,q119,146.428,1.868,148.296,1.2528
4,q121,145.007,2.592,147.599,1.3012
4,q123,4847.923,1.798,4849.721,1.3377
4,q124,242.742,1.852,244.594,1.1886
4,q125,39.923,2.003,41.926,1.075
4,q127,56.249,3.586,59.835,1.1176
4,q128,63.285,4.126,67.411,1.1176
4,q129,92.656,3.562,96.218,1.1327
4,q130,49.777,2.814,52.591,1.1624
4,q131,694.023,4.259,698.282,3.3364
4,q132,33.156,3.921,37.077,1.3016
4,q133,481.193,3.722,484.915,1.2034
4,q134,5241.27,4.128,5245.398,1.5913
4,q135,72766.389,3.603,72769.992,1.4321
4,q136,15340.482,4.238,15344.72,1.5805
4,q137,28.484,3.26,31.744,1.119
4,q138,1883.162,2.288,1885.45,2.9993
4,q139,203.469,4.122,207.591,1.0918
4,q140,5685.275,9.634,5694.909,1.5533
4,q141,10983.217,7.814,10991.031,1.3765
4,q142,10089.223,9.764,10098.987,1.1447
4,q143,8090.354,9.004,8099.358,1.5133
4,q144,585.327,3.933,589.26,1.2152
4,q145,70.304,5.57,75.874,1.119
4,q146,188.834,5.279,194.113,1.2627
5,q001,16.679,0.49,17.169,1.0
5,q002,421.267,0.554,421.821,1.6622
5,q003,111.31,0.63,111.94,1.3925
5,q004,125.047,0.606,125.653,1.3736
5,q005,309.976,0.574,310.55,1.7569
5,q006,75.438,0.646,76.084,1.2723
5,q007,85.496,0.922,86.418,1.0
5,q008,113.175,0.928,114.103,1.0
5,q009,76.324,0.878,77.202,1.1625
5,q010,47.432,1.183,48.615,1.1072
5,q011,38.984,1.354,40.338,1.1072
5,q012,66.25,1.066,67.316,1.1625
5,q013,27.277,0.968,28.245,1.1899
5,q014,13.514,1.104,14.618,1.0
5,q015,350.78,1.076,351.856,1.1072
5,q016,38.338,1.16,39.498,1.1072
5,q017,10.049,0.801,10.85,1.8169
5,q018,32.145,0.937,33.082,1.1072
5,q019,20.952,0.777,21.729,1.0
5,q020,56.026,0.942,56.968,1.1253
5,q021,40.104,0.985,41.089,1.0
5,q022,150.598,1.001,151.599,1.3935
5,q023,30.306,0.888,31.194,1.4195
5,q024,21.773,0.947,22.72,1.0
5,q025,49.441,1.842,51.283,1.1228
5,q026,32.359,1.29,33.649,1.0815
5,q027,18.108,2.092,20.2,1.1441
5,q028,560.039,1.258,561.297,1.1491
5,q029,69.908,1.805,71.713,1.0951
5,q030,17149.544,1.766,17151.31,2.3747
5,q031,369.675,1.774,371.449,1.8082
5,q032,669.326,2.334,671.66,1.2006
5,q033,85.901,2.235,88.136,1.0984
5,q034,34486.91,1.639,34488.549,1.9914
5,q035,128.801,1.846,130.647,1.4731
5,q036,26.596,1.878,28.474,1.4801
5,q037,82.746,1.582,84.328,1.2897
5,q038,3385.816,2.039,3387.855,1.2508
5,q039,375.762,2.187,377.949,1.3708
5,q040,30.808,1.623,32.431,1.0
5,q041,9.555,1.878,11.433,1.0
5,q042,98.413,1.667,100.08,1.1657
5,q043,323.71,1.77,325.48,1.1229
5,q044,102.381,2.632,105.013,1.1227
5,q045,7.641,2.043,9.684,1.1274
5,q046,65.088,4.096,69.184,1.1176
5,q047,1982.836,3.652,1986.488,1.3536
5,q048,17.104,28.034,45.138,1.0026
5,q049,959.512,3.87,963.382,1.927
5,q050,126.299,3.829,130.128,1.609
5,q051,5716.544,3.759,5720.303,1.433
5,q052,6502.49,4.202,6506.692,1.4488
5,q053,62.207,2.091,64.298,1.0987
5,q054,8.164,2.4,10.564,1.0475
5,q055,4.307,2.274,6.581,1.035
5,q056,805.583,1.946,807.529,2.6435
5,q057,56.472,2.549,59.021,1.0512
5,q059,2962.538,5.367,2967.905,1.1951
5,q060,485.219,3.478,488.697,1.1276
5,q061,72.265,4.93,77.195,1.0971
5,q062,17.052,4.663,21.715,1.1325
5,q063,12.145,5.084,17.229,1.1177
5,q064,90.815,4.968,95.783,1.3626
5,q065,30.079,4.785,34.864,1.1403
5,q066,51.215,5.074,56.289,1.1316
5,q067,11.219,5.296,16.515,1.0
5,q068,23412.325,4.302,23416.627,1.3217
5,q069,2491.706,4.87,2496.576,1.3417
5,q070,2998.769,5.807,3004.576,1.3322
5,q072,86.027,4.869,90.896,1.1536
5,q073,74.17,5.089,79.259,1.1422
5,q074,1369.657,4.326,1373.983,1.1582
5,q075,252.885,5.072,257.957,1.1582
5,q076,85.971,4.8,90.771,1.1493
5,q077,272.846,4.843,277.689,1.1201
5,q078,31.646,4.171,35.817,1.1422
5,q079,200.753,4.343,205.096,1.1201
5,q080,76.734,1.298,78.032,1.1072
5,q081,43.666,1.105,44.771,1.1072
5,q082,98.82,1.086,99.906,1.1625
5,q083,116.538,1.072,117.61,1.1625
5,q084,366.936,1.087,368.023,1.1821
5,q085,348.236,1.012,349.248,1.1821
5,q086,76.967,1.283,78.25,1.1693
5,q087,49.213,0.998,50.211,1.1821
5,q088,352.062,1.05,353.112,1.1072
5,q089,88.995,1.141,90.136,1.3709
5,q090,89.417,1.14,90.557,1.256
5,q091,271.415,1.095,272.51,1.6236
5,q092,50.914,0.873,51.787,1.1253
5,q093,228.249,0.964,229.213,1.5721
5,q094,127.531,0.904,128.435,1.3297
5,q095,193.41,1.45,194.86,1.3525
5,q096,169.958,1.86,171.818,1.1989
5,q097,1813.945,2.45,1816.395,1.2987
5,q098,1289.595,1.916,1291.511,1.2473
5,q099,73.241,1.694,74.935,1.1965
5,q100,62.634,1.572,64.206,1.1369
5,q101,77.02,1.669,78.689,1.1369
5,q102,144.03,1.405,145.435,1.0951
5,q103,148.277,1.887,150.164,1.2872
5,q104,787.644,1.876,789.52,1.6096
5,q105,7156.791,1.996,7158.787,1.7387
5,q106,163.073,2.168,165.241,1.2578
5,q107,16770.64,1.999,16772.639,1.1554
5,q109,84.091,3.238,87.329,1.4124
5,q110,62.011,2.988,64.999,1.2519
5,q111,114.406,3.218,117.624,1.3825
5,q112,99.47,3.083,102.553,1.288
5,q113,909.389,1.594,910.983,1.5128
5,q114,803.365,2.18,805.545,1.3572
5,q115,1432.185,1.866,1434.051,1.5422
5,q116,124.399,1.929,126.328,1.1657
5,q117,70.044,1.481,71.525,1.1369
5,q118,82.963,1.599,84.562,1.1369
5,q119,147.306,1.855,149.161,1.2528
5,q121,145.928,2.58,148.508,1.3012
5,q123,4926.464,1.72,4928.184,1.3382
5,q124,242.522,1.786,244.308,1.1886
5,q125,40.174,1.995,42.169,1.0747
5,q127,56.9,3.729,60.629,1.1176
5,q128,62.876,4.133,67.009,1.1176
5,q129,93.567,3.451,97.018,1.1327
5,q130,49.821,2.848,52.669,1.1624
5,q131,716.159,3.997,720.156,3.3151
5,q132,33.287,4.044,37.331,1.3006
5,q133,501.117,3.889,505.006,1.2028
5,q134,9613.938,4.071,9618.009,1.5787
5,q135,72450.764,3.696,72454.46,1.4321
5,q136,10786.423,4.167,10790.59,1.6205
5,q137,28.465,3.249,31.714,1.119
5,q138,696.294,2.358,698.652,1.6242
5,q139,204.648,4.183,208.831,1.0918
5,q140,5702.65,10.043,5712.693,1.5266
5,q141,10920.47,7.574,10928.044,1.1445
5,q142,10455.085,9.788,10464.873,1.1442
5,q143,8074.071,9.067,8083.138,1.513
5,q144,582.639,3.885,586.524,1.2152
5,q145,70.356,5.558,75.914,1.1191
5,q146,131.235,5.256,136.491,1.1106
6,q001,16.794,0.488,17.282,1.0
6,q002,422.365,0.573,422.938,1.6622
6,q003,112.704,0.604,113.308,1.3925
6,q004,124.454,0.61,125.064,1.3736
6,q005,297.821,0.552,298.373,1.7569
6,q006,75.032,0.646,75.678,1.2723
6,q007,84.528,0.906,85.434,1.0
6,q008,115.987,0.96,116.947,1.0
6,q009,75.392,0.93,76.322,1.1625
6,q010,48.594,1.18,49.774,1.1072
6,q011,38.716,1.318,40.034,1.1072
6,q012,67.302,1.056,68.358,1.1625
6,q013,27.887,0.999,28.886,1.1899
6,q014,13.634,1.134,14.768,1.0
6,q015,349.359,1.077,350.436,1.1072
6,q016,37.783,1.114,38.897,1.1072
6,q017,9.754,0.795,10.549,1.8169
6,q018,32.326,1.094,33.42,1.1072
6,q019,20.867,0.77,21.637,1.0
6,q020,55.612,0.968,56.58,1.1253
6,q021,39.655,0.962,40.617,1.0
6,q022,151.19,0.987,152.177,1.3688
6,q023,51.744,0.881,52.625,1.3228
6,q024,21.617,0.958,22.575,1.0
6,q025,48.615,1.86,50.475,1.1228
6,q026,32.356,1.345,33.701,1.0815
6,q027,18.523,2.121,20.644,1.1441
6,q028,562.967,1.265,564.232,1.1491
6,q029,70.587,1.714,72.301,1.0951
6,q030,16947.39,1.751,16949.141,2.2863
6,q031,369.882,1.832,371.714,1.8032
6,q032,651.418,2.245,653.663,1.1986
6,q033,86.77,2.167,88.937,1.0881
6,q034,33815.728,1.661,33817.389,1.9614
6,q035,129.677,1.87,131.547,1.473
6,q036,26.806,1.891,28.697,1.4801
6,q037,83.263,1.639,84.902,1.2897
6,q038,3271.182,1.986,3273.168,1.2508
6,q039,377.843,2.172,380.015,1.3708
6,q040,31.738,1.701,33.439,1.0
6,q041,9.536,1.883,11.419,1.0
6,q042,94.727,1.413,96.14,1.1657
6,q043,311.555,1.711,313.266,1.1229
6,q044,103.062,2.644,105.706,1.1227
6,q045,7.584,1.997,9.581,1.1274
6,q046,63.806,4.018,67.824,1.1176
6,q047,1987.948,3.747,1991.695,1.3461
6,q048,11.585,3.125,14.71,1.0024
6,q049,984.448,4.904,989.352,1.6294
6,q050,127.063,3.986,131.049,1.5818
6,q051,5741.223,3.735,5744.958,1.433
6,q052,6421.937,4.189,6426.126,1.4493
6,q053,61.455,1.99,63.445,1.0987
6,q054,8.06,2.325,10.385,1.0475
6,q055,4.355,2.216,6.571,1.03
6,q056,799.178,2.203,801.381,2.5828
6,q057,56.756,2.55,59.306,1.0512
6,q059,2964.389,5.507,2969.896,1.1848
6,q060,466.009,3.414,469.423,1.1276
6,q061,71.218,4.97,76.188,1.0971
6,q062,17.027,4.469,21.496,1.1325
6,q063,12.168,5.077,17.245,1.1177
6,q064,88.74,5.007,93.747,1.3626
6,q065,29.969,4.686,34.655,1.1403
6,q066,51.152,4.934,56.086,1.1312
6,q067,10.962,5.248,16.21,1.0
6,q068,23606.826,4.085,23610.911,1.3217
6,q069,2492.299,4.749,2497.048,1.3311
6,q070,3003.586,5.883,3009.469,1.332
6,q072,84.752,4.363,89.115,1.1527
6,q073,71.918,5.05,76.968,1.1422
6,q074,1377.366,4.236,1381.602,1.1582
6,q075,248.25,5.055,253.305,1.1582
6,q076,84.382,4.711,89.093,1.1493
6,q077,267.542,4.852,272.394,1.1201
6,q078,31.464,4.232,35.696,1.1422
6,q079,200.621,4.155,204.776,1.1201
6,q080,76.296,1.303,77.599,1.1072
6,q081,42.691,1.131,43.822,1.1072
6,q082,99.592,1.146,100.738,1.1625
6,q083,117.744,1.045,118.789,1.1625
6,q084,366.474,1.103,367.577,1.1821
6,q085,361.711,0.991,362.702,1.1821
6,q086,76.043,1.321,77.364,1.1693
6,q087,48.901,1.032,49.933,1.1821
6,q088,341.378,1.011,342.389,1.1072
6,q089,87.894,1.109,89.003,1.3709
6,q090,89.834,1.08,90.914,1.256
6,q091,273.565,1.06,274.625,1.6236
6,q092,52.682,0.876,53.558,1.1253
6,q093,225.115,1.001,226.116,1.5229
6,q094,123.529,0.902,124.431,1.3031
6,q095,192.182,1.488,193.67,1.3525
6,q096,168.955,1.835,170.79,1.1989
6,q097,1811.912,2.465,1814.377,1.2987
6,q098,1341.519,1.901,1343.42,1.2473
6,q099,72.898,1.75,74.648,1.1965
6,q100,62.584,1.528,64.112,1.1369
6,q101,76.076,1.656,77.732,1.1369
6,q102,146.639,1.385,148.024,1.0951
6,q103,152.098,1.884,153.982,1.2868
6,q104,786.991,1.791,788.782,1.6086
6,q105,7124.183,2.034,7126.217,1.7387
6,q106,164.571,2.174,166.745,1.2559
6,q107,16739.335,1.99,16741.325,1.1547
6,q109,86.431,3.276,89.707,1.4124
6,q110,61.425,3.03,64.455,1.2517
6,q111,114.843,3.135,117.978,1.3825
6,q112,99.734,3.11,102.844,1.288
6,q113,913.905,1.635,915.54,1.5128
6,q114,830.802,2.148,832.95,1.3572
6,q115,1438.674,1.943,1440.617,1.5422
6,q116,122.183,1.87,124.053,1.1657
6,q117,70.186,1.505,71.691,1.1369
6,q118,80.652,1.651,82.303,1.1369
6,q119,135.519,1.825,137.344,1.2528
6,q121,142.446,2.505,144.951,1.2581
6,q123,4896.011,1.751,4897.762,1.3387
6,q124,236.743,1.941,238.684,1.1886
6,q125,39.752,1.965,41.717,1.0744
6,q127,56.202,3.639,59.841,1.1176
6,q128,61.403,3.987,65.39,1.1176
6,q129,93.384,3.473,96.857,1.1327
6,q130,50.193,2.846,53.039,1.1624
6,q131,716.558,4.103,720.661,3.2961
6,q132,33.298,4.123,37.421,1.2997
6,q133,502.371,3.841,506.212,1.2023
6,q134,9517.675,4.146,9521.821,1.5522
6,q135,72208.341,3.717,72212.058,1.4321
6,q136,15194.519,4.939,15199.458,1.5511
6,q137,28.644,3.252,31.896,1.119
6,q138,697.288,2.292,699.58,1.5998
6,q139,197.584,4.152,201.736,1.0918
6,q140,5525.109,9.582,5534.691,1.5266
6,q141,10955.89,7.589,10963.479,1.1445
6,q142,10449.736,10.05,10459.786,1.1442
6,q143,8217.702,9.194,8226.896,1.5127
6,q144,584.265,3.849,588.114,1.2152
6,q145,70.054,5.581,75.635,1.1192
6,q146,128.049,5.293,133.342,1.1106
7,q001,16.67,0.521,17.191,1.0
7,q002,408.578,0.56,409.138,1.6622
7,q003,112.744,0.583,113.327,1.3925
7,q004,126.094,0.599,126.693,1.3736
7,q005,309.93,0.584,310.514,1.7569
7,q006,77.868,0.655,78.523,1.2723
7,q007,83.317,0.892,84.209,1.0
7,q008,118.333,0.959,119.292,1.0
7,q009,75.395,0.936,76.331,1.1625
7,q010,48.85,1.189,50.039,1.1072
7,q011,38.915,1.377,40.292,1.1072
7,q012,67.809,1.058,68.867,1.1625
7,q013,27.739,0.975,28.714,1.1899
7,q014,13.484,1.109,14.593,1.0
7,q015,351.723,1.056,352.779,1.1072
7,q016,38.219,1.133,39.352,1.1072
7,q017,9.956,0.793,10.749,1.8169
7,q018,32.161,1.034,33.195,1.1072
7,q019,20.93,0.787,21.717,1.0
7,q020,55.597,0.95,56.547,1.1253
7,q021,40.129,0.952,41.081,1.0
7,q022,150.657,0.994,151.651,1.3406
7,q023,50.914,0.88,51.794,1.3037
7,q024,21.957,0.918,22.875,1.0
7,q025,48.965,1.867,50.832,1.1228
7,q026,32.435,1.337,33.772,1.0815
7,q027,18.148,2.095,20.243,1.1441
7,q028,561.048,1.259,562.307,1.1491
7,q029,70.528,1.804,72.332,1.0951
7,q030,11700.381,1.889,11702.27,2.3975
7,q031,371.136,1.928,373.064,1.7987
7,q032,646.202,2.408,648.61,1.1968
7,q033,86.033,2.191,88.224,1.079
7,q034,33115.053,1.662,33116.715,1.9348
7,q035,126.311,1.904,128.215,1.473
7,q036,26.871,1.945,28.816,1.4801
7,q037,84.169,1.626,85.795,1.2897
7,q038,3400.222,2.072,3402.294,1.2508
7,q039,367.402,2.132,369.534,1.3708
7,q040,31.616,1.64,33.256,1.0
7,q041,9.593,1.914,11.507,1.0
7,q042,99.39,1.829,101.219,1.1657
7,q043,314.107,1.816,315.923,1.1229
7,q044,103.304,2.598,105.902,1.1227
7,q045,7.349,2.002,9.351,1.1274
7,q046,63.34,3.982,67.322,1.1176
7,q047,2002.823,3.625,2006.448,1.338
7,q048,11.701,3.244,14.945,1.0021
7,q049,981.711,4.556,986.267,1.628
7,q050,124.69,3.864,128.554,1.5578
7,q051,5510.116,3.585,5513.701,1.433
7,q052,6496.957,4.048,6501.005,1.4497
7,q053,60.82,1.965,62.785,1.0987
7,q054,8.301,2.383,10.684,1.0475
7,q055,4.73,2.391,7.121,1.0277
7,q056,781.814,4.369,786.183,2.5294
7,q057,56.261,2.463,58.724,1.0512
7,q059,2995.093,5.491,3000.584,1.1757
7,q060,477.346,3.38,480.726,1.1275
7,q061,70.776,5.045,75.821,1.0971
7,q062,17.001,4.531,21.532,1.1325
7,q063,12.039,5.057,17.096,1.1177
7,q064,90.382,4.985,95.367,1.3626
7,q065,30.322,4.892,35.214,1.1403
7,q066,50.921,4.973,55.894,1.1308
7,q067,11.292,5.342,16.634,1.0
7,q068,23450.718,4.296,23455.014,1.3217
7,q069,2502.351,4.748,2507.099,1.3241
7,q070,2990.588,5.741,2996.329,1.3312
7,q072,82.972,4.455,87.427,1.1518
7,q073,73.83,5.161,78.991,1.1422
7,q074,1379.781,4.282,1384.063,1.1582
7,q075,254.552,5.215,259.767,1.1582
7,q076,84.214,4.815,89.029,1.1493
7,q077,266.931,5.041,271.972,1.1201
7,q078,31.061,4.22,35.281,1.1422
7,q079,196.114,4.099,200.213,1.1201
7,q080,75.709,1.371,77.08,1.1072
7,q081,43.618,1.148,44.766,1.1072
7,q082,99.526,1.113,100.639,1.1625
7,q083,117.372,1.03,118.402,1.1625
7,q084,367.812,1.08,368.892,1.1821
7,q085,349.914,1.152,351.066,1.1821
7,q086,77.046,1.283,78.329,1.1693
7,q087,49.398,1.022,50.42,1.1821
7,q088,350.965,1.025,351.99,1.1072
7,q089,86.905,1.121,88.026,1.3709
7,q090,100.055,1.166,101.221,1.0008
7,q091,271.106,1.044,272.15,1.6236
7,q092,52.819,0.879,53.698,1.1253
7,q093,226.931,0.982,227.913,1.4799
7,q094,122.228,0.931,123.159,1.2796
7,q095,191.023,1.515,192.538,1.3525
7,q096,169.567,1.822,171.389,1.1989
7,q097,1804.283,2.432,1806.715,1.2987
7,q098,1338.59,1.892,1340.482,1.2473
7,q099,73.444,1.755,75.199,1.1965
7,q100,61.829,1.538,63.367,1.1369
7,q101,75.559,1.663,77.222,1.1369
7,q102,147.83,1.406,149.236,1.0951
7,q103,153.84,1.936,155.776,1.2866
7,q104,786.517,1.827,788.344,1.6077
7,q105,7157.092,1.928,7159.02,1.7387
7,q106,162.693,2.082,164.775,1.2543
7,q107,16675.969,2.028,16677.997,1.1542
7,q109,85.148,3.374,88.522,1.4124
7,q110,61.574,2.974,64.548,1.2516
7,q111,112.68,3.189,115.869,1.3825
7,q112,98.912,3.088,102.0,1.288
7,q113,911.748,1.693,913.441,1.5128
7,q114,829.447,2.13,831.577,1.3572
7,q115,1441.377,1.924,1443.301,1.5422
7,q116,123.542,1.869,125.411,1.1657
7,q117,70.387,1.481,71.868,1.1369
7,q118,81.877,1.68,83.557,1.1369
7,q119,135.856,1.896,137.752,1.2528
7,q121,141.711,2.473,144.184,1.0869
7,q123,4881.777,1.699,4883.476,1.3391
7,q124,243.985,1.907,245.892,1.1886
7,q125,40.172,1.979,42.151,1.0741
7,q127,56.739,3.738,60.477,1.1176
7,q128,63.601,4.115,67.716,1.1176
7,q129,92.356,3.553,95.909,1.1327
7,q130,49.651,2.864,52.515,1.1624
7,q131,689.777,4.238,694.015,3.2791
7,q132,33.485,4.134,37.619,1.2989
7,q133,481.965,3.797,485.762,1.2018
7,q134,9617.823,4.068,9621.891,1.529
7,q135,69925.404,3.595,69928.999,1.4321
7,q136,15298.306,4.224,15302.53,1.5671
7,q137,28.638,3.258,31.896,1.119
7,q138,682.819,2.353,685.172,1.5788
7,q139,203.144,4.227,207.371,1.0918
7,q140,5525.353,9.621,5534.974,1.5265
7,q141,10918.586,7.568,10926.154,1.1445
7,q142,10406.317,9.961,10416.278,1.1442
7,q143,8070.272,8.958,8079.23,1.5124
7,q144,586.785,3.911,590.696,1.2152
7,q145,71.549,5.463,77.012,1.1193
7,q146,132.514,5.39,137.904,1.1106
8,q001,16.485,0.515,17.0,1.0
8,q002,408.271,0.57,408.841,1.6622
8,q003,112.724,0.645,113.369,1.3925
8,q004,123.412,0.619,124.031,1.3736
8,q005,298.656,0.57,299.226,1.7569
8,q006,78.081,0.652,78.733,1.2723
8,q007,84.422,0.889,85.311,1.0
8,q008,116.099,0.964,117.063,1.0
8,q009,75.34,0.93,76.27,1.1625
8,q010,48.505,1.141,49.646,1.1072
8,q011,38.604,1.358,39.962,1.1072
8,q012,65.664,1.051,66.715,1.1625
8,q013,27.982,1.014,28.996,1.1899
8,q014,13.657,1.103,14.76,1.0
8,q015,343.073,1.053,344.126,1.1072
8,q016,38.285,1.128,39.413,1.1072
8,q017,10.047,0.804,10.851,1.8169
8,q018,32.235,0.95,33.185,1.1072
8,q019,20.94,0.766,21.706,1.0
8,q020,55.933,0.959,56.892,1.1253
8,q021,39.942,0.976,40.918,1.0
8,q022,151.433,1.017,152.45,1.2794
8,q023,51.399,0.916,52.315,1.2867
8,q024,21.521,0.901,22.422,1.0
8,q025,48.286,1.794,50.08,1.1228
8,q026,32.526,1.324,33.85,1.0815
8,q027,18.475,2.154,20.629,1.1441
8,q028,543.185,1.267,544.452,1.1491
8,q029,70.739,1.793,72.532,1.0951
8,q030,11682.42,1.839,11684.259,2.3684
8,q031,371.267,1.868,373.135,1.7946
8,q032,670.825,2.337,673.162,1.1952
8,q033,84.673,2.202,86.875,1.0708
8,q034,34106.76,1.66,34108.42,1.9112
8,q035,128.838,1.899,130.737,1.4729
8,q036,26.782,1.908,28.69,1.4801
8,q037,84.747,1.638,86.385,1.2897
8,q038,3270.963,2.007,3272.97,1.2508
8,q039,375.769,2.205,377.974,1.3708
8,q040,31.672,1.641,33.313,1.0
8,q041,9.323,1.839,11.162,1.0
8,q042,95.909,1.973,97.882,1.1657
8,q043,330.567,1.762,332.329,1.1229
8,q044,106.025,2.605,108.63,1.1227
8,q045,7.998,2.004,10.002,1.1274
8,q046,63.931,4.004,67.935,1.1176
8,q047,1997.712,3.769,2001.481,1.4174
8,q048,11.587,3.197,14.784,1.0019
8,q049,947.332,3.887,951.219,1.6267
8,q050,127.807,3.968,131.775,1.5365
8,q051,5413.324,3.763,5417.087,1.433
8,q052,6403.964,4.22,6408.184,1.4501
8,q053,62.253,1.987,64.24,1.0987
8,q054,8.098,2.382,10.48,1.0096
8,q055,4.333,2.235,6.568,1.0254
8,q056,785.816,2.123,787.939,2.4823
8,q057,55.774,2.586,58.36,1.0512
8,q059,2966.256,5.389,2971.645,1.1675
8,q060,485.556,3.423,488.979,1.1275
8,q061,71.402,4.947,76.349,1.0971
8,q062,17.049,4.554,21.603,1.1325
8,q063,12.127,5.068,17.195,1.1177
8,q064,90.218,5.006,95.224,1.3626
8,q065,30.272,4.75,35.022,1.1403
8,q066,51.878,5.084,56.962,1.1305
8,q067,11.318,5.316,16.634,1.0
8,q068,23359.321,4.046,23363.367,1.2902
8,q069,2500.823,4.883,2505.706,1.3157
8,q070,2987.19,5.886,2993.076,1.331
8,q072,84.822,4.513,89.335,1.1508
8,q073,72.495,5.134,77.629,1.1422
8,q074,1333.382,4.363,1337.745,1.1582
8,q075,245.85,5.041,250.891,1.1582
8,q076,83.384,4.623,88.007,1.1493
8,q077,266.178,4.884,271.062,1.1201
8,q078,31.21,4.213,35.423,1.1422
8,q079,201.684,4.334,206.018,1.1201
8,q080,75.302,1.342,76.644,1.1072
8,q081,43.772,1.135,44.907,1.1072
8,q082,98.74,1.117,99.857,1.1625
8,q083,117.818,1.052,118.87,1.1625
8,q084,368.041,1.123,369.164,1.1821
8,q085,361.865,1.021,362.886,1.1821
8,q086,78.491,1.315,79.806,1.1693
8,q087,49.412,1.04,50.452,1.1821
8,q088,351.683,1.056,352.739,1.1072
8,q089,86.763,1.113,87.876,1.3709
8,q090,100.829,1.108,101.937,1.0
8,q091,272.516,1.077,273.593,1.6236
8,q092,52.25,0.89,53.14,1.1253
8,q093,225.51,0.982,226.492,1.4423
8,q094,125.952,0.929,126.881,1.2588
8,q095,191.742,1.59,193.332,1.3525
8,q096,169.814,1.866,171.68,1.1989
8,q097,1737.115,2.506,1739.621,1.2986
8,q098,1292.776,1.886,1294.662,1.2472
8,q099,74.258,1.756,76.014,1.1965
8,q100,62.337,1.595,63.932,1.1369
8,q101,78.795,1.658,80.453,1.1369
8,q102,144.994,1.424,146.418,1.0951
8,q103,148.467,1.926,150.393,1.2863
8,q104,787.268,1.843,789.111,1.6069
8,q105,7132.361,1.994,7134.355,1.7387
8,q106,163.132,2.186,165.318,1.2528
8,q107,16791.117,2.011,16793.128,1.1534
8,q109,86.286,3.343,89.629,1.4124
8,q110,61.533,3.049,64.582,1.2514
8,q111,114.627,3.226,117.853,1.3825
8,q112,99.347,3.205,102.552,1.288
8,q113,914.026,1.715,915.741,1.5128
8,q114,824.851,2.213,827.064,1.3572
8,q115,1450.648,1.957,1452.605,1.5422
8,q116,124.537,1.895,126.432,1.1657
8,q117,70.071,1.537,71.608,1.1369
8,q118,81.272,1.66,82.932,1.1369
8,q119,148.24,1.927,150.167,1.2528
8,q121,141.346,2.565,143.911,1.0869
8,q123,4915.611,1.643,4917.254,1.3395
8,q124,244.408,1.87,246.278,1.1886
8,q125,40.079,1.998,42.077,1.0739
8,q127,57.034,3.706,60.74,1.1176
8,q128,63.902,4.127,68.029,1.1176
8,q129,92.743,3.46,96.203,1.1327
8,q130,49.986,2.835,52.821,1.1624
8,q131,714.8,4.245,719.045,3.2638
8,q132,33.392,4.139,37.531,1.2981
8,q133,483.759,3.866,487.625,1.2014
8,q134,5243.521,4.057,5247.578,1.5913
8,q135,70382.185,3.74,70385.925,1.4321
8,q136,10741.4,4.171,10745.571,1.6284
8,q137,29.01,3.361,32.371,1.119
8,q138,697.635,2.347,699.982,1.5603
8,q139,198.022,4.301,202.323,1.0918
8,q140,5688.246,10.104,5698.35,1.5265
8,q141,10944.113,7.855,10951.968,1.1445
8,q142,10103.048,9.734,10112.782,1.1442
8,q143,8084.567,8.852,8093.419,1.5122
8,q144,581.28,4.029,585.309,1.2152
8,q145,70.378,5.471,75.849,1.1194
8,q146,132.155,5.393,137.548,1.1106
9,q001,16.716,0.506,17.222,1.0
9,q002,422.272,0.575,422.847,1.6622
9,q003,113.234,0.597,113.831,1.3925
9,q004,127.072,0.622,127.694,1.3736
9,q005,310.612,0.576,311.188,1.7569
9,q006,77.378,0.656,78.034,1.2723
9,q007,84.546,0.901,85.447,1.0
9,q008,115.487,0.967,116.454,1.0
9,q009,76.478,0.938,77.416,1.1625
9,q010,48.864,1.222,50.086,1.1072
9,q011,39.087,1.347,40.434,1.1072
9,q012,67.027,1.085,68.112,1.1625
9,q013,28.067,0.992,29.059,1.1899
9,q014,13.482,1.117,14.599,1.0
9,q015,350.366,1.065,351.431,1.1072
9,q016,38.259,1.154,39.413,1.1072
9,q017,10.102,0.812,10.914,1.8169
9,q018,32.259,0.945,33.204,1.1072
9,q019,20.935,0.789,21.724,1.0
9,q020,56.255,0.949,57.204,1.1253
9,q021,39.739,0.973,40.712,1.0
9,q022,150.7,1.032,151.732,1.2645
9,q023,51.919,0.931,52.85,1.2717
9,q024,21.854,0.96,22.814,1.0
9,q025,49.109,1.863,50.972,1.1228
9,q026,32.267,1.323,33.59,1.0815
9,q027,18.442,2.134,20.576,1.1441
9,q028,540.19,1.275,541.465,1.1491
9,q029,70.601,1.855,72.456,1.0951
9,q030,11681.864,1.819,11683.683,2.3482
9,q031,371.941,1.812,373.753,1.791
9,q032,669.476,2.369,671.845,1.1937
9,q033,14.944,2.267,17.211,1.2203
9,q034,33948.652,1.7,33950.352,1.8901
9,q035,128.278,1.881,130.159,1.4729
9,q036,26.882,1.899,28.781,1.4801
9,q037,84.101,1.65,85.751,1.2897
9,q038,3370.777,2.052,3372.829,1.2508
9,q039,382.658,2.148,384.806,1.3708
9,q040,31.778,1.665,33.443,1.0
9,q041,9.529,1.881,11.41,1.0
9,q042,96.978,1.41,98.388,1.1657
9,q043,322.252,1.778,324.03,1.1229
9,q044,104.912,2.595,107.507,1.1227
9,q045,7.497,2.049,9.546,1.1274
9,q046,62.706,4.022,66.728,1.1176
9,q047,1929.59,3.646,1933.236,1.4108
9,q048,11.415,3.172,14.587,1.0017
9,q049,981.83,3.89,985.72,1.6256
9,q050,125.785,3.887,129.672,1.5176
9,q051,5335.643,3.766,5339.409,1.433
9,q052,6508.074,4.179,6512.253,1.4505
9,q053,61.382,1.966,63.348,1.0987
9,q054,8.351,2.469,10.82,1.0
9,q055,4.291,2.268,6.559,1.0209
9,q056,783.656,2.103,785.759,2.4406
9,q057,55.992,2.551,58.543,1.0512
9,q059,2863.025,5.454,2868.479,1.1602
9,q060,484.622,3.382,488.004,1.1275
9,q061,72.932,5.106,78.038,1.0971
9,q062,16.984,4.687,21.671,1.1325
9,q063,12.22,5.047,17.267,1.1177
9,q064,91.165,4.982,96.147,1.3626
9,q065,30.675,5.033,35.708,1.1403
9,q066,51.927,5.054,56.981,1.1301
9,q067,11.239,5.474,16.713,1.0
9,q068,23649.992,4.198,23654.19,1.2815
9,q069,2513.066,4.804,2517.87,1.31
9,q070,2990.115,5.676,2995.791,1.3309
9,q072,85.044,4.636,89.68,1.1499
9,q073,71.636,5.458,77.094,1.1422
9,q074,1339.803,4.338,1344.141,1.1582
9,q075,244.441,5.085,249.526,1.1582
9,q076,83.218,4.692,87.91,1.1493
9,q077,273.086,5.014,278.1,1.1201
9,q078,31.532,4.293,35.825,1.1422
9,q079,201.8,4.334,206.134,1.1201
9,q080,75.513,1.329,76.842,1.1072
9,q081,43.635,1.161,44.796,1.1072
9,q082,98.929,1.116,100.045,1.1625
9,q083,116.14,1.044,117.184,1.1625
9,q084,359.114,1.125,360.239,1.1821
9,q085,351.247,0.997,352.244,1.1821
9,q086,76.228,1.294,77.522,1.1693
9,q087,49.353,1.017,50.37,1.1821
9,q088,338.35,1.066,339.416,1.1072
9,q089,87.166,1.122,88.288,1.3709
9,q090,101.006,1.124,102.13,1.0
9,q091,264.175,1.118,265.293,1.6236
9,q092,52.392,0.861,53.253,1.1253
9,q093,223.813,0.979,224.792,1.4092
9,q094,124.103,0.931,125.034,1.2404
9,q095,191.179,1.497,192.676,1.3525
9,q096,168.878,1.843,170.721,1.1989
9,q097,1813.92,2.527,1816.447,1.2986
9,q098,1340.098,1.98,1342.078,1.2472
9,q099,73.346,1.736,75.082,1.1965
9,q100,61.696,1.548,63.244,1.1369
9,q101,77.287,1.745,79.032,1.1369
9,q102,146.88,1.422,148.302,1.0951
9,q103,152.501,1.938,154.439,1.2861
9,q104,787.344,1.87,789.214,1.6062
9,q105,7127.136,1.979,7129.115,1.7387
9,q106,161.066,2.218,163.284,1.2514
9,q107,16769.75,2.051,16771.801,1.1553
9,q109,84.533,3.292,87.825,1.4124
9,q110,61.722,3.03,64.752,1.2513
9,q111,112.483,3.122,115.605,1.3825
9,q112,98.641,3.102,101.743,1.288
9,q113,912.346,1.698,914.044,1.5128
9,q114,828.489,2.186,830.675,1.3572
9,q115,1446.891,1.932,1448.823,1.5422
9,q116,121.07,1.887,122.957,1.1657
9,q117,71.054,1.51,72.564,1.1369
9,q118,82.716,1.667,84.383,1.1369
9,q119,146.335,1.863,148.198,1.2528
9,q121,140.694,2.542,143.236,1.0869
9,q123,4751.557,1.789,4753.346,1.3399
9,q124,243.858,1.874,245.732,1.1886
9,q125,39.978,1.992,41.97,1.0737
9,q127,57.222,3.712,60.934,1.1176
9,q128,63.219,4.119,67.338,1.1176
9,q129,92.675,3.522,96.197,1.1327
9,q130,49.133,2.861,51.994,1.1624
9,q131,628.443,4.229,632.672,2.536
9,q132,33.287,4.076,37.363,1.2974
9,q133,487.054,3.843,490.897,1.201
9,q134,9647.901,4.18,9652.081,1.5093
9,q135,73059.853,3.697,73063.55,1.4321
9,q136,10765.731,4.319,10770.05,1.6284
9,q137,28.63,3.368,31.998,1.119
9,q138,696.78,2.355,699.135,1.5439
9,q139,203.95,4.08,208.03,1.0918
9,q140,5528.135,9.756,5537.891,1.5265
9,q141,10935.775,7.631,10943.406,1.1445
9,q142,10447.522,10.069,10457.591,1.1443
9,q143,8254.584,9.204,8263.788,1.512
9,q144,581.29,3.893,585.183,1.2152
9,q145,69.724,5.429,75.153,1.1194
9,q146,129.613,5.202,134.815,1.1106
10,q001,16.7,0.505,17.205,1.0
10,q002,422.312,0.573,422.885,1.6622
10,q003,113.167,0.61,113.777,1.3925
10,q004,125.749,0.601,126.35,1.3736
10,q005,310.166,0.576,310.742,1.7569
10,q006,75.501,0.65,76.151,1.2723
10,q007,86.002,0.927,86.929,1.0
10,q008,116.57,0.998,117.568,1.0
10,q009,75.245,0.952,76.197,1.1625
10,q010,48.406,1.203,49.609,1.1072
10,q011,38.934,1.37,40.304,1.1072
10,q012,67.994,1.065,69.059,1.1625
10,q013,27.867,1.005,28.872,1.1899
10,q014,13.657,1.095,14.752,1.0
10,q015,350.587,1.058,351.645,1.1072
10,q016,38.014,1.158,39.172,1.1072
10,q017,10.053,0.81,10.863,1.8169
10,q018,35.636,1.443,37.079,1.1072
10,q019,20.978,0.78,21.758,1.0
10,q020,57.84,0.952,58.792,1.1253
10,q021,39.751,0.965,40.716,1.0
10,q022,151.783,1.032,152.815,1.2455
10,q023,51.497,0.893,52.39,1.2583
10,q024,21.592,0.948,22.54,1.0
10,q025,48.243,1.87,50.113,1.1228
10,q026,32.397,1.342,33.739,1.0815
10,q027,18.152,2.166,20.318,1.1441
10,q028,560.476,1.282,561.758,1.1491
10,q029,69.444,1.76,71.204,1.0951
10,q030,11443.82,1.828,11445.648,2.4517
10,q031,384.922,1.841,386.763,1.7877
10,q032,669.782,2.382,672.164,1.1924
10,q033,14.947,2.239,17.186,1.0003
10,q034,34310.997,1.694,34312.691,1.8714
10,q035,129.836,1.943,131.779,1.4729
10,q036,26.897,1.91,28.807,1.4801
10,q037,84.225,1.639,85.864,1.2897
10,q038,3402.746,2.055,3404.801,1.2508
10,q039,395.432,2.171,397.603,1.4563
10,q040,31.66,1.683,33.343,1.0
10,q041,10.055,1.909,11.964,1.0
10,q042,95.765,1.424,97.189,1.1657
10,q043,321.718,1.804,323.522,1.1229
10,q044,104.515,2.678,107.193,1.1227
10,q045,7.579,2.063,9.642,1.1274
10,q046,63.348,4.008,67.356,1.1176
10,q047,1936.942,3.744,1940.686,1.4074
10,q048,11.562,3.114,14.676,1.0016
10,q049,981.99,4.312,986.302,1.6246
10,q050,126.256,4.011,130.267,1.5008
10,q051,5461.721,3.755,5465.476,1.433
10,q052,6423.381,4.209,6427.59,1.4508
10,q053,62.036,1.968,64.004,1.0987
10,q054,8.074,2.415,10.489,1.0
10,q055,4.271,2.213,6.484,1.0188
10,q056,802.975,1.986,804.961,2.4037
10,q057,55.688,2.569,58.257,1.0512
10,q059,2934.312,5.468,2939.78,1.1536
10,q060,481.79,3.402,485.192,1.1275
10,q061,70.91,4.905,75.815,1.0971
10,q062,16.497,4.57,21.067,1.1325
10,q063,12.214,5.048,17.262,1.1177
10,q064,91.16,5.002,96.162,1.3626
10,q065,30.406,4.83,35.236,1.1403
10,q066,51.857,5.109,56.966,1.1299
10,q067,11.268,5.309,16.577,1.0
10,q068,23601.788,5.355,23607.143,1.2718
10,q069,2494.696,4.924,2499.62,1.3031
10,q070,3007.015,5.71,3012.725,1.3308
10,q072,83.837,4.384,88.221,1.149
10,q073,72.189,5.011,77.2,1.1422
10,q074,1408.467,4.252,1412.719,1.1582
10,q075,254.573,5.254,259.827,1.1582
10,q076,85.668,4.846,90.514,1.1493
10,q077,272.827,4.932,277.759,1.1201
10,q078,32.284,4.181,36.465,1.1422
10,q079,194.535,4.278,198.813,1.1201
10,q080,75.061,1.264,76.325,1.1072
10,q081,43.285,1.128,44.413,1.1072
10,q082,99.828,1.128,100.956,1.1625
10,q083,116.546,1.054,117.6,1.1625
10,q084,366.379,1.125,367.504,1.1821
10,q085,361.831,0.991,362.822,1.1821
10,q086,76.497,1.288,77.785,1.1693
10,q087,48.576,1.022,49.598,1.1821
10,q088,350.921,1.019,351.94,1.1072
10,q089,87.52,1.093,88.613,1.3709
10,q090,102.597,1.151,103.748,1.0
10,q091,273.794,1.065,274.859,1.6236
10,q092,52.892,0.888,53.78,1.1253
10,q093,226.001,0.966,226.967,1.3801
10,q094,123.498,0.938,124.436,1.2241
10,q095,190.662,1.52,192.182,1.3525
10,q096,170.005,1.783,171.788,1.1989
10,q097,1802.063,2.499,1804.562,1.2986
10,q098,1324.842,1.946,1326.788,1.2472
10,q099,73.16,1.843,75.003,1.1965
10,q100,61.372,1.569,62.941,1.1369
10,q101,77.679,1.691,79.37,1.1369
10,q102,145.956,1.443,147.399,1.0951
10,q103,151.239,1.881,153.12,1.2859
10,q104,786.058,1.819,787.877,1.6056
10,q105,7263.205,1.98,7265.185,1.7387
10,q106,162.184,2.178,164.362,1.2502
10,q107,16590.385,2.104,16592.489,1.1529
10,q109,85.336,3.309,88.645,1.4124
10,q110,61.706,3.095,64.801,1.2512
10,q111,115.007,3.153,118.16,1.3825
10,q112,97.723,3.122,100.845,1.288
10,q113,914.569,1.695,916.264,1.5128
10,q114,827.196,2.194,829.39,1.3572
10,q115,1430.545,1.883,1432.428,1.5422
10,q116,122.054,1.949,124.003,1.1657
10,q117,70.621,1.479,72.1,1.1369
10,q118,81.629,1.644,83.273,1.1369
10,q119,146.489,1.914,148.403,1.2528
10,q121,141.045,2.478,143.523,1.0869
10,q123,4896.53,1.799,4898.329,1.3402
10,q124,242.927,1.941,244.868,1.1886
10,q125,39.826,2.025,41.851,1.0735
10,q127,56.066,3.7,59.766,1.1176
10,q128,63.578,4.13,67.708,1.1176
10,q129,92.575,3.447,96.022,1.1327
10,q130,50.47,2.933,53.403,1.1624
10,q131,647.046,4.244,651.29,2.5234
10,q132,33.457,4.168,37.625,1.2968
10,q133,501.932,3.718,505.65,1.2006
10,q134,6215.718,4.197,6219.915,1.5289
10,q135,72244.091,3.705,72247.796,1.4321
10,q136,14868.41,4.355,14872.765,1.5241
10,q137,28.396,3.258,31.654,1.119
10,q138,700.548,2.369,702.917,1.5293
10,q139,204.681,4.155,208.836,1.0918
10,q140,5679.55,9.902,5689.452,1.5265
10,q141,10609.373,7.701,10617.074,1.1445
10,q142,10426.078,9.956,10436.034,1.1443
10,q143,8273.13,9.049,8282.179,1.5118
10,q144,579.899,3.868,583.767,1.2152
10,q145,69.884,5.653,75.537,1.1195
10,q146,132.025,5.379,137.404,1.1106
11,q001,17.695,7.0,24.695,1.0
11,q002,421.843,0.58,422.423,1.6622
11,q003,111.014,0.594,111.608,1.3925
11,q004,125.602,5.187,130.789,1.3736
11,q005,310.342,0.581,310.923,1.7569
11,q006,76.028,9.205,85.233,1.2723
11,q007,84.6,0.939,85.539,1.0
11,q008,115.183,0.966,116.149,1.0
11,q009,76.592,0.939,77.531,1.1625
11,q010,48.911,1.208,50.119,1.1072
11,q011,38.971,1.367,40.338,1.1072
11,q012,67.113,1.075,68.188,1.1625
11,q013,27.747,0.988,28.735,1.1899
11,q014,13.544,1.103,14.647,1.0
11,q015,352.43,1.067,353.497,1.1072
11,q016,38.955,10.14,49.095,1.1072
11,q017,10.08,0.796,10.876,1.8169
11,q018,32.881,1.028,33.909,1.1072
11,q019,21.261,0.788,22.049,1.0
11,q020,56.025,0.943,56.968,1.1253
11,q021,40.251,0.991,41.242,1.0
11,q022,150.673,1.02,151.693,1.2286
11,q023,52.651,8.904,61.555,1.2463
11,q024,21.594,0.949,22.543,1.0
11,q025,48.625,1.84,50.465,1.1228
11,q026,32.283,1.334,33.617,1.0815
11,q027,18.557,2.114,20.671,1.1441
11,q028,560.705,1.294,561.999,1.1491
11,q029,69.694,8.663,78.357,1.0951
11,q030,11660.474,1.831,11662.305,2.3204
11,q031,383.659,10.562,394.221,1.7848
11,q032,669.703,2.396,672.099,1.1912
11,q033,17.294,12.109,29.403,1.0003
11,q034,33995.515,1.719,33997.234,1.8547
11,q035,130.434,1.923,132.357,1.4728
11,q036,27.071,1.915,28.986,1.4801
11,q037,84.045,1.65,85.695,1.2897
11,q038,3276.613,1.981,3278.594,1.2508
11,q039,395.42,2.247,397.667,1.4563
11,q040,31.815,1.666,33.481,1.0
11,q041,9.567,1.909,11.476,1.0
11,q042,96.185,2.112,98.297,1.1657
11,q043,323.912,1.754,325.666,1.1229
11,q044,106.348,2.689,109.037,1.1227
11,q045,7.523,2.042,9.565,1.1274
11,q046,63.967,3.99,67.957,1.1176
11,q047,2063.749,3.74,2067.489,1.2033
11,q048,11.63,3.224,14.854,1.0014
11,q049,945.05,3.882,948.932,1.6237
11,q050,127.164,4.04,131.204,1.4858
11,q051,5342.26,3.85,5346.11,1.433
11,q052,6385.237,4.091,6389.328,1.4511
11,q053,62.122,2.036,64.158,1.0987
11,q054,8.205,2.448,10.653,1.0
11,q055,4.339,2.215,6.554,1.0188
11,q056,809.384,2.918,812.302,2.371
11,q057,55.267,2.544,57.811,1.0512
11,q059,2907.442,5.462,2912.904,1.1478
11,q060,484.238,3.475,487.713,1.1274
11,q061,70.807,5.034,75.841,1.0971
11,q062,17.004,4.674,21.678,1.1325
11,q063,12.239,4.953,17.192,1.1177
11,q064,89.262,4.978,94.24,1.3626
11,q065,29.644,4.642,34.286,1.1403
11,q066,51.314,5.091,56.405,1.1296
11,q067,11.308,5.313,16.621,1.0
11,q068,23521.885,4.227,23526.112,1.2649
11,q069,2516.441,4.913,2521.354,1.2983
11,q070,3007.598,5.673,3013.271,1.3307
11,q072,85.719,4.599,90.318,1.148
11,q073,73.21,5.223,78.433,1.1422
11,q074,1381.748,4.343,1386.091,1.1582
11,q075,245.702,5.191,250.893,1.1582
11,q076,84.715,4.658,89.373,1.1493
11,q077,273.325,4.998,278.323,1.1201
11,q078,31.409,4.165,35.574,1.1422
11,q079,201.042,4.294,205.336,1.1201
11,q080,75.751,1.353,77.104,1.1072
11,q081,43.856,1.149,45.005,1.1072
11,q082,100.258,1.082,101.34,1.1625
11,q083,116.942,1.065,118.007,1.1625
11,q084,367.264,1.086,368.35,1.1821
11,q085,360.629,0.995,361.624,1.1821
11,q086,75.896,1.27,77.166,1.1693
11,q087,48.965,1.047,50.012,1.1821
11,q088,338.185,1.049,339.234,1.1072
11,q089,88.738,1.112,89.85,1.3709
11,q090,101.977,1.138,103.115,1.0
11,q091,272.515,1.124,273.639,1.6236
11,q092,52.737,0.911,53.648,1.1253
11,q093,226.998,1.015,228.013,1.3544
11,q094,121.138,0.922,122.06,1.2096
11,q095,191.751,1.492,193.243,1.3525
11,q096,169.508,1.865,171.373,1.1989
11,q097,1811.968,2.454,1814.422,1.2986
11,q098,1296.143,1.929,1298.072,1.2472
11,q099,74.148,1.768,75.916,1.1965
11,q100,62.812,1.608,64.42,1.1369
11,q101,77.358,1.715,79.073,1.1369
11,q102,143.252,1.421,144.673,1.0951
11,q103,149.674,1.884,151.558,1.2857
11,q104,786.587,1.888,788.475,1.605
11,q105,7124.413,1.988,7126.401,1.7387
11,q106,163.78,2.207,165.987,1.2491
11,q107,16677.262,2.059,16679.321,1.1544
11,q109,86.089,3.292,89.381,1.4124
11,q110,61.484,3.114,64.598,1.2511
11,q111,115.787,3.232,119.019,1.3825
11,q112,99.095,3.114,102.209,1.288
11,q113,911.811,1.695,913.506,1.5128
11,q114,830.499,2.142,832.641,1.3572
11,q115,1428.931,1.963,1430.894,1.5422
11,q116,122.19,1.886,124.076,1.1657
11,q117,69.956,1.498,71.454,1.1369
11,q118,82.358,1.681,84.039,1.1369
11,q119,147.531,1.896,149.427,1.2528
11,q121,142.575,2.55,145.125,1.0869
11,q123,4927.478,1.788,4929.266,1.3405
11,q124,236.769,1.858,238.627,1.1886
11,q125,40.221,1.92,42.141,1.0733
11,q127,56.864,3.73,60.594,1.1176
11,q128,63.91,4.114,68.024,1.1176
11,q129,93.427,3.568,96.995,1.1327
11,q130,49.725,2.936,52.661,1.1624
11,q131,650.561,4.164,654.725,2.5121
11,q132,33.255,4.108,37.363,1.2963
11,q133,503.65,3.843,507.493,1.2003
11,q134,5412.051,4.24,5416.291,1.5913
11,q135,72998.597,3.683,73002.28,1.4321
11,q136,11089.673,4.928,11094.601,1.6284
11,q137,28.724,3.348,32.072,1.119
11,q138,694.585,2.372,696.957,1.5161
11,q139,198.5,4.151,202.651,1.0918
11,q140,5634.091,9.894,5643.985,1.5265
11,q141,10601.524,7.577,10609.101,1.1445
11,q142,10468.65,10.065,10478.715,1.1443
11,q143,8272.344,9.141,8281.485,1.5117
11,q144,578.867,3.954,582.821,1.2152
11,q145,69.857,5.638,75.495,1.1196
11,q146,131.227,5.374,136.601,1.1106
12,q001,16.356,0.486,16.842,1.0
12,q002,421.354,0.583,421.937,1.6622
12,q003,112.646,0.608,113.254,1.3925
12,q004,126.127,0.616,126.743,1.3736
12,q005,309.552,0.55,310.102,1.7569
12,q006,75.704,0.641,76.345,1.2723
12,q007,85.802,0.92,86.722,1.0
12,q008,115.737,0.972,116.709,1.0
12,q009,75.273,0.894,76.167,1.1625
12,q010,48.828,1.215,50.043,1.1072
12,q011,38.846,1.373,40.219,1.1072
12,q012,66.968,1.038,68.006,1.1625
12,q013,27.9,1.002,28.902,1.1899
12,q014,13.821,1.111,14.932,1.0
12,q015,351.398,1.079,352.477,1.1072
12,q016,37.945,1.179,39.124,1.1072
12,q017,10.067,0.801,10.868,1.8169
12,q018,32.334,1.025,33.359,1.1072
12,q019,20.939,0.774,21.713,1.0
12,q020,55.928,0.962,56.89,1.1253
12,q021,40.169,0.992,41.161,1.0
12,q022,149.693,1.028,150.721,1.2079
12,q023,51.894,0.912,52.806,1.2357
12,q024,21.704,0.955,22.659,1.0
12,q025,48.505,1.841,50.346,1.1228
12,q026,32.732,1.342,34.074,1.0815
12,q027,18.188,2.177,20.365,1.1441
12,q028,564.029,1.283,565.312,1.1491
12,q029,71.052,1.8,72.852,1.0951
12,q030,13706.264,1.821,13708.085,2.575
12,q031,385.62,1.845,387.465,1.7821
12,q032,670.393,2.342,672.735,1.1902
12,q033,14.916,2.169,17.085,1.0003
12,q034,33188.452,1.707,33190.159,1.8398
12,q035,128.511,1.936,130.447,1.4728
12,q036,27.135,1.945,29.08,1.4801
12,q037,84.592,1.648,86.24,1.2897
12,q038,3379.464,2.045,3381.509,1.2508
12,q039,394.401,2.229,396.63,1.4563
12,q040,31.752,1.657,33.409,1.0
12,q041,9.701,1.933,11.634,1.0
12,q042,97.273,1.71,98.983,1.1657
12,q043,323.042,1.791,324.833,1.1229
12,q044,105.634,2.682,108.316,1.1227
12,q045,7.961,2.005,9.966,1.1274
12,q046,63.26,4.026,67.286,1.1176
12,q047,1931.885,3.658,1935.543,1.4074
12,q048,11.616,3.223,14.839,1.0013
12,q049,980.721,3.872,984.593,1.6229
12,q050,126.881,3.896,130.777,1.4725
12,q051,5342.619,3.782,5346.401,1.433
12,q052,6411.429,4.183,6415.612,1.4513
12,q053,62.767,1.961,64.728,1.0987
12,q054,8.224,2.455,10.679,1.0
12,q055,4.223,2.21,6.433,1.0
12,q056,803.66,2.012,805.672,2.3419
12,q057,56.208,2.606,58.814,1.0512
12,q059,2962.104,5.516,2967.62,1.1425
12,q060,486.89,3.482,490.372,1.1274
12,q061,71.493,5.184,76.677,1.0971
12,q062,17.011,4.512,21.523,1.1325
12,q063,12.168,5.052,17.22,1.1177
12,q064,89.712,4.98,94.692,1.3626
12,q065,30.554,4.909,35.463,1.1403
12,q066,51.813,4.912,56.725,1.1294
12,q067,11.223,5.436,16.659,1.0
12,q068,23360.268,4.052,23364.32,1.2586
12,q069,2508.188,4.683,2512.871,1.2939
12,q070,2992.063,5.857,2997.92,1.3299
12,q072,85.351,4.49,89.841,1.148
12,q073,73.133,5.234,78.367,1.1422
12,q074,1391.095,4.415,1395.51,1.1582
12,q075,253.771,5.081,258.852,1.1582
12,q076,85.667,4.685,90.352,1.1493
12,q077,273.534,5.029,278.563,1.1201
12,q078,31.547,4.264,35.811,1.1422
12,q079,201.399,4.317,205.716,1.1201
12,q080,75.651,1.34,76.991,1.1072
12,q081,43.849,1.151,45.0,1.1072
12,q082,100.369,1.147,101.516,1.1625
12,q083,117.146,1.028,118.174,1.1625
12,q084,368.518,1.127,369.645,1.1821
12,q085,348.315,1.034,349.349,1.1821
12,q086,76.617,2.417,79.034,1.1693
12,q087,49.332,1.022,50.354,1.1821
12,q088,350.401,1.048,351.449,1.1072
12,q089,89.914,1.201,91.115,1.3709
12,q090,101.609,1.104,102.713,1.0
12,q091,272.344,1.098,273.442,1.6236
12,q092,52.165,0.89,53.055,1.1253
12,q093,225.367,1.01,226.377,1.3317
12,q094,123.552,0.925,124.477,1.1967
12,q095,190.746,1.492,192.238,1.3525
12,q096,167.572,1.805,169.377,1.1989
12,q097,1811.945,2.451,1814.396,1.2986
12,q098,1331.562,1.94,1333.502,1.2472
12,q099,74.235,1.844,76.079,1.1965
12,q100,62.38,1.596,63.976,1.1369
12,q101,78.11,1.699,79.809,1.1369
12,q102,147.874,1.399,149.273,1.0951
12,q103,153.618,1.868,155.486,1.2855
12,q104,787.702,1.816,789.518,1.6045
12,q105,7146.219,2.013,7148.232,1.7387
12,q106,163.328,2.185,165.513,1.2481
12,q107,16559.584,2.058,16561.642,1.1527
12,q109,86.037,3.401,89.438,1.4124
12,q110,59.902,2.967,62.869,1.251
12,q111,114.103,3.229,117.332,1.3826
12,q112,99.697,3.185,102.882,1.288
12,q113,910.042,1.697,911.739,1.5128
12,q114,801.59,3.403,804.993,1.3572
12,q115,1428.553,1.937,1430.49,1.5422
12,q116,123.718,1.936,125.654,1.1657
12,q117,71.259,1.53,72.789,1.1369
12,q118,83.008,1.666,84.674,1.1369
12,q119,147.369,1.926,149.295,1.2528
12,q121,142.763,2.519,145.282,1.0869
12,q123,4742.897,1.709,4744.606,1.3407
12,q124,243.16,1.868,245.028,1.1886
12,q125,40.215,1.971,42.186,1.0731
12,q127,56.86,3.723,60.583,1.1176
12,q128,62.844,4.134,66.978,1.1176
12,q129,91.53,3.424,94.954,1.1327
12,q130,50.55,2.933,53.483,1.1624
12,q131,653.629,4.096,657.725,2.502
12,q132,33.537,4.088,37.625,1.2958
12,q133,501.617,3.887,505.504,1.2
12,q134,9271.333,4.052,9275.385,1.4906
12,q135,72858.523,3.616,72862.139,1.4321
12,q136,11089.893,4.159,11094.052,1.6284
12,q137,28.737,3.344,32.081,1.119
12,q138,727.281,2.326,729.607,1.5042
12,q139,198.398,4.239,202.637,1.0918
12,q140,5536.08,9.933,5546.013,1.5265
12,q141,10583.535,7.741,10591.276,1.1445
12,q142,10393.835,10.002,10403.837,1.1443
12,q143,8093.648,8.808,8102.456,1.5089
12,q144,581.587,3.813,585.4,1.2152
12,q145,69.45,5.535,74.985,1.1196
12,q146,128.191,5.4,133.591,1.1106
13,q001,16.825,0.524,17.349,1.0
13,q002,413.711,0.576,414.287,1.6622
13,q003,111.116,0.582,111.698,1.3925
13,q004,122.95,0.593,123.543,1.3736
13,q005,313.627,0.55,314.177,1.7569
13,q006,77.459,0.641,78.1,1.2723
13,q007,85.93,0.918,86.848,1.0
13,q008,116.737,0.982,117.719,1.0
13,q009,74.291,0.913,75.204,1.1625
13,q010,48.431,1.173,49.604,1.1072
13,q011,39.027,1.332,40.359,1.1072
13,q012,67.216,1.078,68.294,1.1625
13,q013,27.759,0.981,28.74,1.1899
13,q014,13.626,1.111,14.737,1.0
13,q015,339.175,1.118,340.293,1.1072
13,q016,38.158,1.217,39.375,1.1072
13,q017,10.193,0.795,10.988,1.8169
13,q018,32.858,1.024,33.882,1.1072
13,q019,21.579,0.772,22.351,1.0
13,q020,56.169,0.949,57.118,1.1253
13,q021,40.102,0.982,41.084,1.0
13,q022,151.224,1.016,152.24,1.2008
13,q023,51.469,0.894,52.363,1.2262
13,q024,21.56,0.942,22.502,1.0
13,q025,48.629,1.862,50.491,1.1228
13,q026,32.375,1.324,33.699,1.0815
13,q027,18.661,2.126,20.787,1.1441
13,q028,539.62,1.274,540.894,1.1491
13,q029,69.704,1.76,71.464,1.0951
13,q030,14043.349,1.814,14045.163,2.4642
13,q031,383.92,1.802,385.722,1.7798
13,q032,644.67,2.355,647.025,1.1892
13,q033,14.87,2.308,17.178,1.0003
13,q034,33316.646,1.719,33318.365,1.8264
13,q035,129.859,1.952,131.811,1.4728
13,q036,26.678,1.869,28.547,1.4801
13,q037,82.914,1.6,84.514,1.2897
13,q038,3279.11,2.06,3281.17,1.2508
13,q039,365.726,2.186,367.912,1.3708
13,q040,31.698,1.638,33.336,1.0
13,q041,9.532,1.888,11.42,1.0
13,q042,97.016,1.413,98.429,1.1657
13,q043,311.524,1.79,313.314,1.1229
13,q044,104.573,2.677,107.25,1.1228
13,q045,7.599,2.013,9.612,1.1274
13,q046,63.101,4.017,67.118,1.1176
13,q047,2010.533,3.655,2014.188,1.4039
13,q048,11.612,3.212,14.824,1.0011
13,q049,981.817,3.903,985.72,1.6222
13,q050,126.157,4.004,130.161,1.4605
13,q051,5525.371,3.758,5529.129,1.433
13,q052,6421.332,4.221,6425.553,1.4516
13,q053,60.773,1.976,62.749,1.0987
13,q054,8.264,2.474,10.738,1.0
13,q055,4.298,2.859,7.157,1.0
13,q056,780.918,2.434,783.352,2.316
13,q057,56.427,2.57,58.997,1.0512
13,q059,2972.166,5.501,2977.667,1.1378
13,q060,484.112,3.525,487.637,1.1274
13,q061,71.881,4.903,76.784,1.0971
13,q062,17.05,4.749,21.799,1.1325
13,q063,12.308,5.193,17.501,1.1177
13,q064,89.751,5.011,94.762,1.3626
13,q065,30.576,5.075,35.651,1.1403
13,q066,52.124,5.102,57.226,1.1292
13,q067,11.286,5.526,16.812,1.0
13,q068,23573.057,4.049,23577.106,1.2514
13,q069,2505.108,4.81,2509.918,1.2897
13,q070,2986.515,5.83,2992.345,1.3298
13,q072,86.233,4.636,90.869,1.1471
13,q073,72.454,5.3,77.754,1.1422
13,q074,1383.375,4.262,1387.637,1.1582
13,q075,244.101,5.215,249.316,1.1582
13,q076,84.054,4.714,88.768,1.1493
13,q077,267.718,5.0,272.718,1.1201
13,q078,31.452,4.137,35.589,1.1422
13,q079,201.363,4.312,205.675,1.1201
13,q080,76.772,1.352,78.124,1.1072
13,q081,42.881,1.107,43.988,1.1072
13,q082,99.388,1.109,100.497,1.1625
13,q083,116.923,1.067,117.99,1.1625
13,q084,363.514,1.093,364.607,1.1821
13,q085,360.852,1.043,361.895,1.1821
13,q086,77.783,1.286,79.069,1.1693
13,q087,49.457,1.01,50.467,1.1821
13,q088,350.428,1.028,351.456,1.1072
13,q089,88.833,1.118,89.951,1.3709
13,q090,101.47,1.138,102.608,1.0
13,q091,262.782,1.069,263.851,1.6236
13,q092,52.557,0.888,53.445,1.1253
13,q093,228.622,0.98,229.602,1.3116
13,q094,125.376,0.927,126.303,1.1852
13,q095,190.128,1.534,191.662,1.3525
13,q096,165.157,1.853,167.01,1.1989
13,q097,1781.25,2.526,1783.776,1.2986
13,q098,1342.755,1.908,1344.663,1.2471
13,q099,73.429,1.861,75.29,1.1965
13,q100,61.767,1.552,63.319,1.1369
13,q101,77.599,1.711,79.31,1.1369
13,q102,145.146,1.392,146.538,1.0951
13,q103,152.972,1.921,154.893,1.2854
13,q104,785.451,1.821,787.272,1.6041
13,q105,7157.078,1.988,7159.066,1.7387
13,q106,161.385,2.16,163.545,1.2472
13,q107,16663.109,2.076,16665.185,1.1537
13,q109,86.405,3.364,89.769,1.4124
13,q110,62.071,3.07,65.141,1.251
13,q111,113.872,3.229,117.101,1.3826
13,q112,98.421,3.193,101.614,1.288
13,q113,912.946,1.709,914.655,1.5128
13,q114,804.26,2.141,806.401,1.3572
13,q115,1432.827,1.909,1434.736,1.5422
13,q116,121.248,1.914,123.162,1.1657
13,q117,70.661,1.457,72.118,1.1369
13,q118,81.678,1.596,83.274,1.1369
13,q119,143.802,1.926,145.728,1.2528
13,q121,141.776,2.545,144.321,1.0869
13,q123,4846.142,1.784,4847.926,1.341
13,q124,244.65,1.854,246.504,1.1886
13,q125,40.024,1.939,41.963,1.073
13,q127,56.161,3.65,59.811,1.1176
13,q128,63.769,3.969,67.738,1.1176
13,q129,93.277,3.532,96.809,1.1327
13,q130,49.47,2.836,52.306,1.1624
13,q131,641.631,4.233,645.864,2.4927
13,q132,33.276,4.2,37.476,1.2954
13,q133,493.777,3.879,497.656,1.1998
13,q134,6258.663,4.055,6262.718,1.5373
13,q135,72463.984,3.538,72467.522,1.4321
13,q136,11151.823,4.369,11156.192,1.6284
13,q137,28.698,3.257,31.955,1.119
13,q138,695.275,2.393,697.668,1.4933
13,q139,202.771,4.236,207.007,1.0918
13,q140,5627.94,9.891,5637.831,1.5265
13,q141,10947.411,7.709,10955.12,1.1445
13,q142,10400.363,9.496,10409.859,1.1443
13,q143,8304.986,9.123,8314.109,1.5088
13,q144,580.543,3.931,584.474,1.2152
13,q145,71.303,5.668,76.971,1.1197
13,q146,127.699,5.202,132.901,1.1106
14,q001,16.692,0.525,17.217,1.0
14,q002,406.636,0.578,407.214,1.6622
14,q003,111.425,0.589,112.014,1.3925
14,q004,127.499,0.65,128.149,1.3736
14,q005,300.447,0.559,301.006,1.7569
14,q006,76.885,0.659,77.544,1.2723
14,q007,84.704,0.922,85.626,1.0
14,q008,116.642,0.997,117.639,1.0
14,q009,74.998,0.919,75.917,1.1625
14,q010,48.601,1.216,49.817,1.1072
14,q011,39.078,1.345,40.423,1.1072
14,q012,66.485,1.084,67.569,1.1625
14,q013,27.827,0.975,28.802,1.1899
14,q014,13.478,1.098,14.576,1.0
14,q015,350.948,1.083,352.031,1.1072
14,q016,38.504,1.136,39.64,1.1072
14,q017,10.117,0.813,10.93,1.8169
14,q018,32.319,0.971,33.29,1.1072
14,q019,20.921,0.795,21.716,1.0
14,q020,56.049,0.952,57.001,1.1253
14,q021,40.245,0.978,41.223,1.0
14,q022,151.661,0.994,152.655,1.1833
14,q023,51.874,0.893,52.767,1.2177
14,q024,21.863,0.955,22.818,1.0
14,q025,48.702,1.853,50.555,1.1228
14,q026,32.403,1.326,33.729,1.0815
14,q027,18.166,2.138,20.304,1.1441
14,q028,545.298,1.262,546.56,1.1491
14,q029,69.214,1.853,71.067,1.0951
14,q030,14001.027,1.8,14002.827,2.4332
14,q031,383.271,1.817,385.088,1.7776
14,q032,669.955,2.385,672.34,1.1884
14,q033,14.898,2.252,17.15,1.0002
14,q034,27979.77,1.685,27981.455,2.3886
14,q035,129.472,1.894,131.366,1.4727
14,q036,27.026,1.908,28.934,1.4801
14,q037,84.398,1.657,86.055,1.2897
14,q038,3357.936,2.007,3359.943,1.2508
14,q039,394.767,3.152,397.919,1.4563
14,q040,31.839,1.61,33.449,1.0
14,q041,9.656,1.905,11.561,1.0
14,q042,97.131,1.809,98.94,1.1657
14,q043,314.535,1.747,316.282,1.1229
14,q044,104.47,2.59,107.06,1.1228
14,q045,7.663,2.021,9.684,1.1274
14,q046,63.993,3.935,67.928,1.1176
14,q047,2042.779,3.712,2046.491,1.2066
14,q048,11.614,3.189,14.803,1.001
14,q049,970.814,4.452,975.266,1.6215
14,q050,128.284,3.966,132.25,1.4499
14,q051,5577.294,3.764,5581.058,1.433
14,q052,6494.344,4.08,6498.424,1.4518
14,q053,62.842,2.041,64.883,1.0987
14,q054,8.233,2.448,10.681,1.0
14,q055,4.205,2.212,6.417,1.0
14,q056,804.331,2.294,806.625,2.293
14,q057,56.124,2.636,58.76,1.0512
14,q059,2987.937,5.462,2993.399,1.1336
14,q060,484.319,3.398,487.717,1.1274
14,q061,70.019,4.904,74.923,1.0971
14,q062,16.962,4.493,21.455,1.1325
14,q063,12.208,5.053,17.261,1.1177
14,q064,90.435,4.96,95.395,1.3626
14,q065,30.525,4.873,35.398,1.1403
14,q066,51.534,5.106,56.64,1.129
14,q067,11.491,5.369,16.86,1.0
14,q068,23449.939,4.096,23454.035,1.2461
14,q069,2510.603,4.984,2515.587,1.2858
14,q070,2988.735,5.859,2994.594,1.3298
14,q072,84.888,6.956,91.844,1.1461
14,q073,72.943,5.27,78.213,1.1422
14,q074,1389.862,4.385,1394.247,1.1582
14,q075,247.666,5.213,252.879,1.1582
14,q076,84.833,4.755,89.588,1.1493
14,q077,263.385,5.014,268.399,1.1201
14,q078,31.66,4.356,36.016,1.1422
14,q079,201.579,4.354,205.933,1.1201
14,q080,76.383,1.35,77.733,1.1072
14,q081,43.719,1.121,44.84,1.1072
14,q082,99.837,1.141,100.978,1.1625
14,q083,118.183,1.051,119.234,1.1625
14,q084,352.461,1.12,353.581,1.1821
14,q085,347.726,0.989,348.715,1.1821
14,q086,77.668,1.268,78.936,1.1693
14,q087,49.628,1.032,50.66,1.1821
14,q088,341.404,1.045,342.449,1.1072
14,q089,87.353,1.108,88.461,1.3709
14,q090,100.861,1.096,101.957,1.0
14,q091,262.308,1.115,263.423,1.6236
14,q092,51.988,0.905,52.893,1.1253
14,q093,227.356,0.983,228.339,1.2938
14,q094,123.192,0.936,124.128,1.1749
14,q095,190.381,1.523,191.904,1.3525
14,q096,168.221,1.851,170.072,1.1989
14,q097,1746.623,2.542,1749.165,1.2985
14,q098,1286.531,1.909,1288.44,1.2471
14,q099,73.069,1.828,74.897,1.1965
14,q100,62.86,1.602,64.462,1.1369
14,q101,78.232,1.697,79.929,1.1369
14,q102,148.452,1.415,149.867,1.0951
14,q103,147.343,1.864,149.207,1.2853
14,q104,786.568,1.833,788.401,1.6037
14,q105,7140.671,1.995,7142.666,1.7387
14,q106,161.804,2.185,163.989,1.2465
14,q107,16530.865,2.09,16532.955,1.1532
14,q109,84.866,3.354,88.22,1.4124
14,q110,62.034,3.072,65.106,1.2509
14,q111,112.818,3.215,116.033,1.3826
14,q112,97.841,3.124,100.965,1.288
14,q113,909.202,1.774,910.976,1.5128
14,q114,824.314,2.193,826.507,1.3572
14,q115,1430.004,1.984,1431.988,1.5422
14,q116,121.407,1.928,123.335,1.1657
14,q117,71.25,1.575,72.825,1.1369
14,q118,81.506,1.654,83.16,1.1369
14,q119,134.274,1.856,136.13,1.2528
14,q121,142.654,2.564,145.218,1.0869
14,q123,4913.78,1.752,4915.532,1.3412
14,q124,244.752,2.132,246.884,1.1886
14,q125,40.119,1.961,42.08,1.0729
14,q127,55.69,3.596,59.286,1.1176
14,q128,63.898,4.135,68.033,1.1176
14,q129,93.5,3.583,97.083,1.1327
14,q130,50.284,2.877,53.161,1.1624
14,q131,651.222,4.254,655.476,2.4846
14,q132,32.237,4.116,36.353,1.295
14,q133,485.137,3.877,489.014,1.1995
14,q134,6274.431,4.189,6278.62,1.5373
14,q135,71774.926,3.698,71778.624,1.4321
14,q136,14824.811,4.237,14829.048,1.5671
14,q137,28.504,3.275,31.779,1.119
14,q138,696.732,2.375,699.107,1.4847
14,q139,204.393,4.215,208.608,1.0918
14,q140,5522.548,9.703,5532.251,1.5264
14,q141,10572.021,7.847,10579.868,1.1445
14,q142,10719.086,9.869,10728.955,1.1443
14,q143,8110.799,8.815,8119.614,1.5086
14,q144,581.956,3.972,585.928,1.2152
14,q145,70.952,5.483,76.435,1.1197
14,q146,132.649,5.4,138.049,1.1106
15,q001,16.898,0.519,17.417,1.0
15,q002,421.962,0.588,422.55,1.6622
15,q003,112.932,0.614,113.546,1.3925
15,q004,125.581,0.619,126.2,1.3736
15,q005,304.855,0.574,305.429,1.7569
15,q006,78.213,0.644,78.857,1.2723
15,q007,85.639,0.918,86.557,1.0
15,q008,115.213,0.958,116.171,1.0
15,q009,76.697,0.926,77.623,1.1625
15,q010,48.339,1.233,49.572,1.1072
15,q011,38.692,1.317,40.009,1.1072
15,q012,66.959,1.085,68.044,1.1625
15,q013,26.865,0.981,27.846,1.1899
15,q014,13.426,1.074,14.5,1.0
15,q015,352.314,1.064,353.378,1.1072
15,q016,37.388,1.195,38.583,1.1072
15,q017,10.05,0.813,10.863,1.8169
15,q018,32.449,1.027,33.476,1.1072
15,q019,21.377,0.796,22.173,1.0
15,q020,56.182,0.946,57.128,1.1253
15,q021,39.956,0.973,40.929,1.0
15,q022,149.7,1.005,150.705,1.1787
15,q023,51.922,0.887,52.809,1.2101
15,q024,21.608,0.944,22.552,1.0
15,q025,49.144,1.878,51.022,1.1228
15,q026,32.406,1.33,33.736,1.0815
15,q027,18.15,2.123,20.273,1.1441
15,q028,561.999,1.266,563.265,1.1491
15,q029,70.083,1.753,71.836,1.0951
15,q030,13875.595,1.79,13877.385,2.4057
15,q031,383.8,1.849,385.649,1.7757
15,q032,671.27,2.396,673.666,1.1876
15,q033,15.131,2.232,17.363,1.0002
15,q034,27959.985,1.689,27961.674,2.3815
15,q035,130.513,1.944,132.457,1.4727
15,q036,26.865,1.958,28.823,1.4801
15,q037,84.164,1.654,85.818,1.2897
15,q038,3409.772,2.047,3411.819,1.2508
15,q039,367.216,2.243,369.459,1.3708
15,q040,30.853,1.589,32.442,1.0
15,q041,9.7,1.897,11.597,1.0
15,q042,100.105,1.619,101.724,1.1657
15,q043,310.677,1.755,312.432,1.1229
15,q044,106.192,2.633,108.825,1.1228
15,q045,7.94,2.071,10.011,1.1274
15,q046,62.735,3.996,66.731,1.1176
15,q047,2003.534,3.756,2007.29,1.4042
15,q048,11.614,3.205,14.819,1.0009
15,q049,980.617,3.894,984.511,1.6209
15,q050,116.735,3.994,120.729,1.6057
15,q051,5705.429,3.731,5709.16,1.433
15,q052,6443.216,4.192,6447.408,1.452
15,q053,62.686,2.021,64.707,1.0987
15,q054,8.509,2.5,11.009,1.0
15,q055,7.356,3.502,10.858,1.0
15,q056,802.031,2.569,804.6,2.2724
15,q057,57.036,2.647,59.683,1.0512
15,q059,2988.035,5.643,2993.678,1.1299
15,q060,481.043,3.419,484.462,1.1274
15,q061,71.564,5.126,76.69,1.0971
15,q062,17.101,4.709,21.81,1.1325
15,q063,12.204,5.049,17.253,1.1177
15,q064,90.476,4.988,95.464,1.3626
15,q065,30.594,4.862,35.456,1.1403
15,q066,50.994,4.965,55.959,1.1289
15,q067,11.203,5.253,16.456,1.0
15,q068,23480.055,4.082,23484.137,1.2411
15,q069,2507.278,4.85,2512.128,1.282
15,q070,3002.594,5.709,3008.303,1.3297
15,q072,83.569,4.875,88.444,1.1461
15,q073,73.291,5.078,78.369,1.1422
15,q074,1336.476,4.303,1340.779,1.1582
15,q075,254.467,5.001,259.468,1.1582
15,q076,86.385,4.709,91.094,1.1493
15,q077,264.783,4.956,269.739,1.1201
15,q078,31.13,4.199,35.329,1.1422
15,q079,200.977,4.317,205.294,1.1201
15,q080,76.512,1.275,77.787,1.1072
15,q081,43.647,1.157,44.804,1.1072
15,q082,100.347,1.09,101.437,1.1625
15,q083,118.548,1.046,119.594,1.1625
15,q084,367.223,1.093,368.316,1.1821
15,q085,362.101,1.025,363.126,1.1821
15,q086,78.195,1.294,79.489,1.1693
15,q087,49.44,1.057,50.497,1.1821
15,q088,343.483,1.029,344.512,1.1072
15,q089,87.223,1.117,88.34,1.3709
15,q090,101.137,1.12,102.257,1.0
15,q091,272.771,1.072,273.843,1.6236
15,q092,51.92,0.896,52.816,1.1253
15,q093,226.629,1.01,227.639,1.2813
15,q094,123.957,0.932,124.889,1.1657
15,q095,190.772,1.545,192.317,1.3525
15,q096,169.745,1.792,171.537,1.1989
15,q097,1748.24,2.508,1750.748,1.2985
15,q098,1343.204,2.01,1345.214,1.2471
15,q099,74.157,2.885,77.042,1.1965
15,q100,62.411,1.588,63.999,1.1369
15,q101,78.481,1.744,80.225,1.1369
15,q102,148.525,1.425,149.95,1.0951
15,q103,154.13,1.854,155.984,1.2851
15,q104,786.58,1.896,788.476,1.6033
15,q105,7172.736,1.973,7174.709,1.7387
15,q106,163.871,2.157,166.028,1.2457
15,q107,16807.513,2.033,16809.546,1.152
15,q109,85.571,3.402,88.973,1.4124
15,q110,62.011,3.058,65.069,1.2508
15,q111,112.653,3.252,115.905,1.3826
15,q112,101.571,3.189,104.76,1.288
15,q113,908.438,1.717,910.155,1.5128
15,q114,829.19,2.118,831.308,1.3572
15,q115,1440.646,1.943,1442.589,1.5422
15,q116,123.748,1.852,125.6,1.1657
15,q117,70.115,1.476,71.591,1.1369
15,q118,80.02,1.625,81.645,1.1369
15,q119,131.882,1.921,133.803,1.2528
15,q121,142.196,2.524,144.72,1.0869
15,q123,4753.642,1.734,4755.376,1.3413
15,q124,243.013,1.916,244.929,1.1886
15,q125,39.054,1.942,40.996,1.0728
15,q127,55.983,3.619,59.602,1.1176
15,q128,63.83,4.087,67.917,1.1176
15,q129,92.96,3.56,96.52,1.1327
15,q130,50.455,2.837,53.292,1.1624
15,q131,631.162,4.241,635.403,2.4773
15,q132,33.232,4.021,37.253,1.2946
15,q133,503.549,3.889,507.438,1.1993
15,q134,9600.405,4.176,9604.581,1.475
15,q135,72467.419,3.678,72471.097,1.4321
15,q136,15387.1,4.311,15391.411,1.5007
15,q137,28.73,3.35,32.08,1.119
15,q138,698.198,2.361,700.559,1.4754
15,q139,198.368,4.191,202.559,1.0918
15,q140,5701.587,9.922,5711.509,1.5264
15,q141,10910.312,7.488,10917.8,1.1445
15,q142,10078.026,10.181,10088.207,1.1444
15,q143,8274.797,8.749,8283.546,1.5085
15,q144,588.945,3.872,592.817,1.2152
15,q145,70.214,5.524,75.738,1.1198
15,q146,128.826,5.244,134.07,1.1106
